,datetime,dhttemp,dhthumd,bmptemp,bmppres
0,2021-06-10 14:32:00,32.0,33.2,31.5,99914.0
1,2021-06-10 14:39:00,32.0,37.4,31.22,99922.8
2,2021-06-10 14:44:00,32.0,38.6,31.119999999999997,99926.2
3,2021-06-10 14:49:00,32.0,39.6,31.139999999999997,99925.0
4,2021-06-10 14:54:00,32.0,41.0,31.04,99926.8
5,2021-06-10 14:59:00,32.0,41.0,30.96,99925.6
6,2021-06-10 15:04:00,32.0,40.4,30.82,99919.8
7,2021-06-10 15:09:00,32.0,40.4,30.8,99921.2
8,2021-06-10 15:14:00,32.0,41.0,30.78,99928.6
9,2021-06-10 15:19:00,32.0,41.0,30.8,99926.6
10,2021-06-10 15:24:00,32.0,40.8,30.72,99918.0
11,2021-06-10 15:29:00,32.0,40.8,30.68,99908.2
12,2021-06-10 15:34:00,32.0,40.6,30.6,99904.4
13,2021-06-10 15:39:00,32.0,40.0,30.560000000000002,99902.0
14,2021-06-10 15:44:00,32.0,40.4,30.559999999999995,99914.6
15,2021-06-10 15:49:00,32.0,40.4,30.52,99932.0
16,2021-06-10 15:54:00,32.0,41.0,30.46,99942.0
17,2021-06-10 15:59:00,31.8,41.0,30.419999999999998,99946.4
18,2021-06-10 16:04:00,32.0,41.4,30.4,99953.6
19,2021-06-10 16:10:00,31.8,41.2,30.4,99966.0
20,2021-06-10 16:15:00,31.6,42.0,30.380000000000003,99974.2
21,2021-06-10 16:20:00,31.4,43.0,30.2,99978.2
22,2021-06-10 16:25:00,31.0,43.6,29.940000000000005,99985.6
23,2021-06-10 16:30:00,31.0,44.0,29.8,99990.0
24,2021-06-10 16:35:00,31.0,44.6,29.78,99992.8
25,2021-06-10 16:40:00,31.0,44.0,29.880000000000003,99990.0
26,2021-06-10 16:45:00,31.0,44.4,29.68,99995.4
27,2021-06-10 16:50:00,31.0,45.0,29.54,99996.0
28,2021-06-10 16:55:00,31.0,45.0,29.660000000000004,100001.4
29,2021-06-10 17:00:00,31.0,44.4,29.6,100002.2
30,2021-06-10 17:05:00,30.8,44.4,29.52,99999.4
31,2021-06-10 17:10:00,30.4,45.2,29.54,100003.0
32,2021-06-10 17:15:00,30.8,45.2,29.4,100012.4
33,2021-06-10 17:20:00,30.0,46.0,29.340000000000003,100019.8
34,2021-06-10 17:25:00,30.0,46.2,29.359999999999996,100023.4
35,2021-06-10 17:30:00,30.0,46.0,29.159999999999997,100030.0
36,2021-06-10 17:35:00,30.0,46.4,29.24,100036.0
37,2021-06-10 17:41:00,30.0,47.6,29.46,100051.2
38,2021-06-10 17:46:00,30.0,47.0,29.46,100059.2
39,2021-06-10 17:51:00,30.0,47.8,29.439999999999998,100068.2
40,2021-06-10 17:56:00,30.0,48.4,29.4,100078.0
41,2021-06-10 18:01:00,30.0,49.2,29.419999999999998,100076.0
42,2021-06-10 18:06:00,30.0,47.0,29.18,100076.6
43,2021-06-10 18:11:00,30.0,47.0,29.1,100078.6
44,2021-06-10 18:16:00,30.0,46.6,29.139999999999997,100084.6
45,2021-06-10 18:21:00,30.0,46.4,29.1,100095.4
46,2021-06-10 18:26:00,30.0,51.4,29.28,100094.2
47,2021-06-10 18:31:00,30.0,53.4,29.26,100102.4
48,2021-06-10 18:36:00,30.0,51.6,29.259999999999998,100099.4
49,2021-06-10 18:41:00,30.0,51.0,29.259999999999998,100103.4
50,2021-06-10 18:46:00,30.0,50.0,29.2,100104.8
51,2021-06-10 18:51:00,30.0,50.0,29.18,100112.0
52,2021-06-10 18:56:00,30.0,50.8,29.159999999999997,100115.2
53,2021-06-10 19:01:00,30.0,51.8,29.080000000000002,100108.8
54,2021-06-10 19:07:00,30.0,51.8,29.1,100105.8
55,2021-06-10 19:12:00,30.0,52.6,29.1,100114.6
56,2021-06-10 19:17:00,30.0,51.6,28.98,100125.6
57,2021-06-10 19:22:00,30.0,53.0,28.940000000000005,100137.2
58,2021-06-10 19:27:00,30.0,52.8,28.82,100148.4
59,2021-06-10 19:32:00,30.0,54.8,28.839999999999996,100156.6
60,2021-06-10 19:37:00,30.0,54.0,28.82,100169.0
61,2021-06-10 19:42:00,30.0,54.6,28.82,100171.6
62,2021-06-10 19:47:00,30.0,55.0,28.919999999999998,100176.6
63,2021-06-10 19:52:00,30.0,54.8,29.0,100185.4
64,2021-06-10 19:57:00,30.0,53.2,29.02,100196.4
65,2021-06-10 20:02:00,30.0,53.6,29.02,100204.2
66,2021-06-10 20:07:00,30.0,55.0,29.060000000000002,100217.0
67,2021-06-10 20:12:00,30.0,55.6,29.02,100230.8
68,2021-06-10 20:17:00,30.0,56.8,28.98,100242.8
69,2021-06-10 20:22:00,30.0,58.0,28.96,100240.2
70,2021-06-10 20:27:00,30.0,58.0,29.0,100249.4
71,2021-06-10 20:32:00,30.0,58.0,28.82,100261.4
72,2021-06-10 20:38:00,30.0,58.0,28.82,100270.0
73,2021-06-10 20:43:00,30.0,58.0,28.939999999999998,100273.2
74,2021-06-10 20:48:00,30.0,58.0,28.9,100297.8
75,2021-06-10 20:53:00,30.0,58.0,28.76,100304.8
76,2021-06-10 20:58:00,30.0,58.0,28.72,100302.4
77,2021-06-10 21:03:00,30.0,58.0,28.72,100305.0
78,2021-06-10 21:08:00,30.0,58.0,28.820000000000004,100299.0
79,2021-06-10 21:13:00,30.0,58.0,28.9,100304.4
80,2021-06-10 21:18:00,30.0,58.0,29.0,100318.4
81,2021-06-10 21:23:00,30.0,58.0,29.0,100328.4
82,2021-06-10 21:28:00,30.0,58.0,29.0,100337.2
83,2021-06-10 21:33:00,30.0,58.0,29.0,100347.0
84,2021-06-10 21:38:00,30.0,58.2,29.0,100356.4
85,2021-06-10 21:43:00,30.0,58.8,29.0,100367.8
86,2021-06-10 21:48:00,30.0,59.0,29.0,100357.8
87,2021-06-10 21:53:00,30.0,59.0,29.0,100360.4
88,2021-06-10 21:58:00,30.0,59.0,29.0,100354.0
89,2021-06-10 22:03:00,30.0,59.0,29.0,100339.4
90,2021-06-10 22:08:00,30.0,59.2,29.0,100325.4
91,2021-06-10 22:14:00,30.0,59.8,28.98,100311.6
92,2021-06-10 22:19:00,30.0,59.6,28.98,100300.4
93,2021-06-10 22:24:00,30.0,59.8,28.939999999999998,100294.0
94,2021-06-10 22:29:00,30.0,60.0,28.919999999999998,100293.2
95,2021-06-10 22:34:00,30.0,59.8,28.9,100290.2
96,2021-06-10 22:39:00,30.0,59.4,28.939999999999998,100289.2
97,2021-06-10 22:44:00,30.0,59.0,28.9,100283.6
98,2021-06-10 22:49:00,30.0,59.0,28.9,100277.6
99,2021-06-10 22:54:00,30.0,59.0,28.9,100274.6
100,2021-06-10 22:59:00,30.0,59.0,28.9,100279.8
101,2021-06-10 23:04:00,30.0,59.0,28.879999999999995,100277.8
102,2021-06-10 23:09:00,30.0,59.4,28.9,100277.4
103,2021-06-10 23:14:00,30.0,59.6,28.839999999999996,100272.8
104,2021-06-10 23:19:00,30.0,59.8,28.9,100271.0
105,2021-06-10 23:24:00,30.0,59.2,28.9,100258.6
106,2021-06-10 23:30:00,30.0,59.6,28.9,100255.4
107,2021-06-10 23:35:00,30.0,59.6,28.880000000000003,100251.8
108,2021-06-10 23:40:00,30.0,60.0,28.839999999999996,100239.8
109,2021-06-10 23:45:00,30.0,59.2,28.8,100238.8
110,2021-06-10 23:50:00,30.0,59.8,28.8,100231.0
111,2021-06-10 23:55:00,30.0,59.6,28.8,100226.6
112,2021-06-11 00:00:00,30.0,62.0,28.8,100222.2
113,2021-06-11 00:05:00,30.0,59.6,28.78,100203.4
114,2021-06-11 00:10:00,30.0,59.6,28.8,100194.2
115,2021-06-11 00:15:00,30.0,60.2,28.8,100193.0
116,2021-06-11 00:20:00,30.0,60.6,28.8,100190.6
117,2021-06-11 00:25:00,30.0,60.2,28.8,100181.8
118,2021-06-11 00:30:00,30.0,60.4,28.8,100181.4
119,2021-06-11 00:35:00,30.0,60.2,28.78,100182.6
120,2021-06-11 00:40:00,30.0,60.2,28.74,100179.2
121,2021-06-11 00:45:00,30.0,70.4,28.7,100178.2
122,2021-06-11 00:51:00,30.0,69.6,28.72,100178.2
123,2021-06-11 00:56:00,30.0,60.0,28.7,100176.2
124,2021-06-11 01:01:00,30.0,60.4,28.7,100173.4
125,2021-06-11 01:06:00,30.0,61.0,28.7,100164.4
126,2021-06-11 01:11:00,30.0,61.0,28.7,100160.0
127,2021-06-11 01:16:00,30.0,61.0,28.639999999999997,100157.4
128,2021-06-11 01:21:00,30.0,60.4,28.619999999999997,100156.6
129,2021-06-11 01:26:00,30.0,61.0,28.6,100147.2
130,2021-06-11 01:31:00,30.0,61.0,28.6,100140.4
131,2021-06-11 01:36:00,30.0,61.0,28.6,100136.6
132,2021-06-11 01:41:00,30.0,60.6,28.6,100131.0
133,2021-06-11 01:46:00,30.0,61.0,28.6,100132.2
134,2021-06-11 01:51:00,30.0,60.8,28.6,100127.0
135,2021-06-11 01:56:00,30.0,60.8,28.560000000000002,100129.8
136,2021-06-11 02:01:00,30.0,60.2,28.5,100139.8
137,2021-06-11 02:06:00,30.0,60.8,28.560000000000002,100139.0
138,2021-06-11 02:11:00,30.0,61.0,28.54,100141.2
139,2021-06-11 02:16:00,30.0,61.0,28.54,100132.0
140,2021-06-11 02:22:00,30.0,61.0,28.5,100121.2
141,2021-06-11 02:27:00,30.0,61.0,28.5,100116.2
142,2021-06-11 02:32:00,30.0,61.0,28.5,100110.0
143,2021-06-11 02:37:00,30.0,61.0,28.5,100109.6
144,2021-06-11 02:42:00,30.0,61.0,28.5,100109.8
145,2021-06-11 02:47:00,30.0,61.0,28.5,100111.4
146,2021-06-11 02:52:00,30.0,61.0,28.48,100105.2
147,2021-06-11 02:57:00,30.0,61.0,28.48,100099.4
148,2021-06-11 03:02:00,30.0,61.0,28.419999999999998,100091.4
149,2021-06-11 03:07:00,30.0,61.0,28.4,100088.8
150,2021-06-11 03:12:00,30.0,61.0,28.4,100092.2
151,2021-06-11 03:17:00,30.0,61.0,28.380000000000003,100093.6
152,2021-06-11 03:22:00,30.0,61.0,28.4,100096.0
153,2021-06-11 03:27:00,30.0,61.0,28.4,100094.0
154,2021-06-11 03:32:00,30.0,61.0,28.4,100102.0
155,2021-06-11 03:37:00,30.0,61.0,28.4,100101.8
156,2021-06-11 03:42:00,30.0,61.0,28.4,100101.0
157,2021-06-11 03:47:00,29.8,61.0,28.4,100098.0
158,2021-06-11 03:53:00,30.0,61.0,28.380000000000003,100092.0
159,2021-06-11 03:58:00,29.8,61.0,28.32,100093.0
160,2021-06-11 04:03:00,30.0,61.0,28.3,100091.6
161,2021-06-11 04:08:00,30.0,61.0,28.3,100089.2
162,2021-06-11 04:13:00,29.8,61.0,28.3,100087.8
163,2021-06-11 04:18:00,30.0,60.8,28.3,100090.8
164,2021-06-11 04:23:00,30.0,61.0,28.3,100097.4
165,2021-06-11 04:28:00,30.0,61.0,28.3,100101.0
166,2021-06-11 04:33:00,29.6,61.0,28.3,100106.4
167,2021-06-11 04:38:00,29.6,61.0,28.3,100103.2
168,2021-06-11 04:43:00,29.6,61.0,28.28,100097.8
169,2021-06-11 04:48:00,29.6,61.0,28.26,100103.2
170,2021-06-11 04:53:00,29.6,61.0,28.2,100103.6
171,2021-06-11 04:58:00,30.0,61.0,28.22,100105.2
172,2021-06-11 05:03:00,29.4,61.0,28.2,100113.6
173,2021-06-11 05:08:00,29.4,61.0,28.2,100121.2
174,2021-06-11 05:14:00,29.8,61.0,28.2,100123.8
175,2021-06-11 05:19:00,29.4,61.0,28.2,100124.4
176,2021-06-11 05:24:00,29.6,61.0,28.2,100122.8
177,2021-06-11 05:29:00,29.2,61.0,28.139999999999997,100121.8
178,2021-06-11 05:34:00,29.4,61.0,28.120000000000005,100121.2
179,2021-06-11 05:39:00,29.2,61.0,28.119999999999997,100119.6
180,2021-06-11 05:44:00,29.2,61.0,28.1,100120.2
181,2021-06-11 05:49:00,29.2,61.0,28.1,100122.2
182,2021-06-11 05:54:00,29.2,61.0,28.1,100129.2
183,2021-06-11 05:59:00,29.6,61.0,28.1,100138.4
184,2021-06-11 06:04:00,29.6,61.0,28.1,100138.4
185,2021-06-11 06:09:00,29.6,61.0,28.1,100142.4
186,2021-06-11 06:14:00,29.0,61.0,28.1,100148.0
187,2021-06-11 06:19:00,29.0,61.2,28.1,100148.2
188,2021-06-11 06:24:00,29.2,61.0,28.1,100145.6
189,2021-06-11 06:29:00,29.0,61.0,28.1,100143.2
190,2021-06-11 06:34:00,29.0,61.0,28.080000000000002,100143.0
191,2021-06-11 06:40:00,29.0,61.0,28.060000000000002,100146.2
192,2021-06-11 06:45:00,29.4,61.0,28.0,100148.2
193,2021-06-11 06:50:00,29.4,61.4,28.080000000000002,100149.6
194,2021-06-11 06:55:00,29.0,61.2,28.080000000000002,100147.2
195,2021-06-11 07:00:00,29.0,61.8,28.1,100150.4
196,2021-06-11 07:05:00,29.0,61.0,28.0,100157.6
197,2021-06-11 07:10:00,29.0,61.4,28.0,100164.6
198,2021-06-11 07:15:00,29.4,61.2,28.0,100169.4
199,2021-06-11 07:20:00,29.0,71.8,28.02,100174.4
200,2021-06-11 07:25:00,29.2,67.0,28.04,100177.0
201,2021-06-11 07:30:00,29.2,65.8,27.96,100182.2
202,2021-06-11 07:35:00,29.4,61.0,27.96,100185.8
203,2021-06-11 07:40:00,29.2,61.0,27.9,100192.0
204,2021-06-11 07:45:00,29.0,61.0,27.9,100198.2
205,2021-06-11 07:50:00,29.0,61.6,27.9,100196.8
206,2021-06-11 07:55:00,29.2,61.8,27.860000000000003,100196.8
207,2021-06-11 08:00:00,29.0,62.0,27.880000000000003,100200.0
208,2021-06-11 08:05:00,29.4,62.0,27.9,100211.0
209,2021-06-11 08:11:00,29.0,61.8,27.9,100219.4
210,2021-06-11 08:16:00,29.0,61.8,27.9,100219.0
211,2021-06-11 08:21:00,29.2,61.8,27.9,100209.8
212,2021-06-11 08:26:00,29.2,62.0,27.9,100209.0
213,2021-06-11 08:31:00,29.2,62.0,27.96,100217.2
214,2021-06-11 08:36:00,29.0,62.0,28.0,100217.4
215,2021-06-11 08:41:00,29.4,62.0,28.04,100217.2
216,2021-06-11 08:46:00,29.6,62.0,28.119999999999997,100214.0
217,2021-06-11 08:51:00,29.8,61.8,28.32,100215.4
218,2021-06-11 08:56:00,30.0,61.2,28.619999999999997,100214.8
219,2021-06-11 09:01:00,30.0,61.4,28.860000000000003,100210.2
220,2021-06-11 09:06:00,30.0,62.0,29.02,100213.2
221,2021-06-11 09:11:00,30.0,61.6,29.140000000000004,100218.8
222,2021-06-11 09:16:00,30.0,61.0,29.24,100225.4
223,2021-06-11 09:21:00,30.0,59.6,29.380000000000003,100224.8
224,2021-06-11 09:26:00,30.0,59.2,29.4,100233.4
225,2021-06-11 09:31:00,30.0,59.0,29.54,100238.4
226,2021-06-11 09:37:00,30.0,59.0,29.7,100243.2
227,2021-06-11 09:42:00,30.6,58.0,29.919999999999998,100251.2
228,2021-06-11 09:47:00,31.0,56.6,30.059999999999995,100259.2
229,2021-06-11 09:52:00,31.0,56.8,30.080000000000002,100266.2
230,2021-06-11 09:57:00,31.0,57.0,30.02,100268.2
231,2021-06-11 10:02:00,31.0,56.6,30.259999999999998,100272.0
232,2021-06-11 10:07:00,31.0,55.8,30.22,100277.2
233,2021-06-11 10:12:00,31.0,55.6,30.24,100282.4
234,2021-06-11 10:17:00,31.0,53.6,30.48,100279.4
235,2021-06-11 10:22:00,31.0,55.2,30.380000000000003,100278.2
236,2021-06-11 10:27:00,31.0,55.8,30.26,100276.0
237,2021-06-11 10:32:00,31.4,52.8,30.639999999999997,100266.0
238,2021-06-11 10:37:00,31.8,50.6,30.98,100254.2
239,2021-06-11 10:42:00,32.0,50.2,31.059999999999995,100251.8
240,2021-06-11 10:47:00,32.0,51.0,31.059999999999995,100245.8
241,2021-06-11 10:52:00,32.0,50.0,31.18,100237.0
242,2021-06-11 10:57:00,32.0,46.6,31.359999999999996,100231.2
243,2021-06-11 11:02:00,32.0,47.6,31.200000000000006,100235.8
244,2021-06-11 11:08:00,32.0,47.4,31.419999999999998,100236.6
245,2021-06-11 11:13:00,32.2,44.4,31.72,100237.0
246,2021-06-11 11:18:00,33.0,40.8,31.8,100240.8
247,2021-06-11 11:23:00,32.0,44.4,31.560000000000002,100237.6
248,2021-06-11 11:28:00,32.6,41.4,31.919999999999998,100241.4
249,2021-06-11 11:33:00,33.0,41.2,31.919999999999998,100250.8
250,2021-06-11 11:38:00,33.0,39.2,31.880000000000003,100243.4
251,2021-06-11 11:43:00,32.6,40.4,31.699999999999996,100236.8
252,2021-06-11 11:48:00,32.2,41.4,31.580000000000002,100225.4
253,2021-06-11 11:53:00,32.0,43.2,31.339999999999996,100231.4
254,2021-06-11 11:58:00,32.0,44.2,31.139999999999997,100230.6
255,2021-06-11 12:03:00,32.0,45.0,31.0,100230.6
256,2021-06-11 12:08:00,32.0,45.0,30.740000000000002,100226.0
257,2021-06-11 12:13:00,32.0,44.2,30.7,100224.0
258,2021-06-11 12:18:00,31.6,44.0,30.639999999999997,100231.6
259,2021-06-11 12:23:00,31.2,43.0,30.28,100241.4
260,2021-06-11 12:28:00,31.0,42.0,30.1,100249.6
261,2021-06-11 12:34:00,31.0,42.6,30.04,100252.2
262,2021-06-11 12:39:00,31.0,42.2,29.919999999999998,100253.2
263,2021-06-11 12:44:00,31.0,43.2,29.919999999999998,100239.2
264,2021-06-11 12:49:00,31.0,43.6,29.9,100240.6
265,2021-06-11 12:54:00,31.0,44.2,29.9,100248.8
266,2021-06-11 12:59:00,31.0,45.2,29.9,100256.8
267,2021-06-11 13:04:00,31.0,50.0,30.0,100251.0
268,2021-06-11 13:09:00,31.0,52.6,30.02,100238.4
269,2021-06-11 13:14:00,31.0,54.8,30.080000000000002,100231.8
270,2021-06-11 13:19:00,31.0,55.0,29.98,100221.2
271,2021-06-11 13:24:00,31.0,54.6,30.02,100219.2
272,2021-06-11 13:29:00,31.0,55.8,30.1,100219.6
273,2021-06-11 13:34:00,31.0,56.4,30.18,100216.0
274,2021-06-11 13:39:00,31.0,56.2,30.2,100217.4
275,2021-06-11 13:44:00,31.0,56.4,30.28,100211.8
276,2021-06-11 13:55:00,31.0,56.4,30.3,100189.6
277,2021-06-11 14:00:00,31.0,55.2,30.26,100183.6
278,2021-06-11 14:05:00,31.0,57.0,30.3,100181.0
279,2021-06-11 14:10:00,31.0,56.4,30.2,100187.0
280,2021-06-11 14:15:00,31.0,56.0,30.160000000000004,100192.2
281,2021-06-11 14:20:00,31.0,56.0,30.179999999999996,100204.4
282,2021-06-11 14:25:00,31.0,55.2,30.02,100206.4
283,2021-06-11 14:30:00,31.0,54.6,29.940000000000005,100211.6
284,2021-06-11 14:35:00,31.0,56.4,29.940000000000005,100212.6
285,2021-06-11 14:40:00,31.0,56.4,29.9,100198.4
286,2021-06-11 14:45:00,31.0,56.0,29.96,100182.0
287,2021-06-11 14:50:00,31.0,56.2,29.940000000000005,100180.0
288,2021-06-11 14:56:00,31.0,56.6,29.939999999999998,100175.0
289,2021-06-11 15:03:00,31.0,57.0,30.0,100184.4
290,2021-06-11 15:08:00,31.0,57.0,30.0,100189.6
291,2021-06-11 15:13:00,31.0,57.4,30.04,100195.6
292,2021-06-11 15:18:00,31.0,57.0,29.919999999999998,100202.0
293,2021-06-11 15:23:00,31.0,57.4,29.939999999999998,100196.0
294,2021-06-11 15:28:00,31.0,58.0,30.0,100197.0
295,2021-06-11 15:33:00,31.0,58.0,29.98,100199.4
296,2021-06-11 15:38:00,31.0,58.8,29.96,100199.8
297,2021-06-11 15:45:00,31.0,59.2,30.0,100201.2
298,2021-06-11 15:50:00,31.0,60.0,29.919999999999998,100208.0
299,2021-06-11 15:55:00,31.0,60.2,29.860000000000003,100206.6
300,2021-06-11 16:00:00,31.0,61.0,29.8,100203.8
301,2021-06-11 16:05:00,31.0,61.4,29.8,100202.4
302,2021-06-11 16:10:00,30.8,62.2,29.8,100207.2
303,2021-06-11 16:15:00,30.6,61.6,29.76,100218.2
304,2021-06-11 16:20:00,30.8,61.4,29.7,100213.8
305,2021-06-11 16:25:00,30.0,62.0,29.6,100210.4
306,2021-06-11 16:30:00,30.0,62.8,29.580000000000002,100208.4
307,2021-06-11 16:35:00,30.0,63.0,29.6,100208.8
308,2021-06-11 16:40:00,30.0,63.0,29.580000000000002,100204.2
309,2021-06-11 16:45:00,30.0,63.6,29.580000000000002,100203.6
310,2021-06-11 16:50:00,30.0,64.0,29.54,100207.4
311,2021-06-11 16:55:00,30.0,64.0,29.420000000000005,100209.6
312,2021-06-11 17:01:00,30.0,63.6,29.2,100218.4
313,2021-06-11 17:06:00,30.0,63.6,29.28,100228.2
314,2021-06-11 17:11:00,30.0,65.0,29.360000000000003,100238.2
315,2021-06-11 17:16:00,30.0,65.4,29.3,100241.2
316,2021-06-11 17:21:00,30.0,65.0,29.32,100242.6
317,2021-06-11 17:26:00,30.0,65.0,29.22,100247.6
318,2021-06-11 17:31:00,30.0,65.0,29.26,100250.0
319,2021-06-11 17:36:00,30.0,65.0,29.22,100257.6
320,2021-06-11 17:41:00,30.0,65.0,29.0,100255.4
321,2021-06-11 17:46:00,30.0,65.0,28.9,100256.6
322,2021-06-11 17:51:00,30.0,64.8,28.919999999999998,100256.4
323,2021-06-11 17:56:00,30.0,64.0,28.9,100262.4
324,2021-06-11 18:01:00,30.0,64.4,29.0,100265.8
325,2021-06-11 18:06:00,30.0,65.0,29.02,100271.8
326,2021-06-11 18:11:00,30.0,65.0,29.0,100275.8
327,2021-06-11 18:16:00,30.0,65.0,29.02,100284.0
328,2021-06-11 18:21:00,30.0,65.2,29.0,100291.8
329,2021-06-11 18:26:00,30.0,65.4,28.880000000000003,100296.2
330,2021-06-11 18:32:00,30.0,65.6,28.919999999999998,100291.4
331,2021-06-11 18:37:00,30.0,66.0,28.9,100298.0
332,2021-06-11 18:42:00,30.0,66.0,28.82,100305.4
333,2021-06-11 18:47:00,30.0,66.0,28.880000000000003,100308.4
334,2021-06-11 18:52:00,30.0,66.0,28.820000000000004,100310.6
335,2021-06-11 18:57:00,30.0,66.0,28.8,100314.8
336,2021-06-11 19:02:00,30.0,65.8,28.78,100320.6
337,2021-06-11 19:07:00,30.0,66.0,28.880000000000003,100322.4
338,2021-06-11 19:12:00,30.0,66.0,28.78,100331.2
339,2021-06-11 19:17:00,30.0,66.0,28.740000000000002,100342.0
340,2021-06-11 19:22:00,30.0,66.2,28.659999999999997,100346.4
341,2021-06-11 19:27:00,30.0,65.8,28.48,100356.0
342,2021-06-11 19:32:00,30.0,65.4,28.5,100361.0
343,2021-06-11 19:37:00,30.0,68.4,28.419999999999998,100362.6
344,2021-06-11 19:42:00,30.0,72.0,28.4,100373.0
345,2021-06-11 19:47:00,30.0,69.0,28.339999999999996,100378.8
346,2021-06-11 19:52:00,30.0,69.6,28.340000000000003,100384.0
347,2021-06-11 19:58:00,30.0,71.2,28.3,100388.0
348,2021-06-11 20:03:00,30.0,65.0,28.26,100402.2
349,2021-06-11 20:08:00,30.0,65.4,28.28,100401.6
350,2021-06-11 20:13:00,30.0,65.8,28.439999999999998,100403.4
351,2021-06-11 20:18:00,29.8,66.2,28.54,100406.8
352,2021-06-11 20:23:00,30.0,66.4,28.54,100412.0
353,2021-06-11 20:28:00,30.0,66.2,28.6,100414.4
354,2021-06-11 20:33:00,30.0,66.2,28.6,100416.0
355,2021-06-11 20:38:00,30.0,66.2,28.6,100422.8
356,2021-06-11 20:43:00,30.0,67.4,28.6,100424.6
357,2021-06-11 20:48:00,30.0,72.6,28.52,100421.4
358,2021-06-11 20:53:00,30.0,74.0,28.54,100421.6
359,2021-06-11 20:58:00,29.8,69.0,28.5,100428.2
360,2021-06-11 21:03:00,29.6,77.2,28.5,100440.2
361,2021-06-11 21:08:00,30.0,76.0,28.48,100444.2
362,2021-06-11 21:13:00,29.4,75.2,28.5,100446.8
363,2021-06-11 21:18:00,29.8,69.0,28.5,100451.6
364,2021-06-11 21:23:00,29.8,66.4,28.440000000000005,100459.2
365,2021-06-11 21:29:00,29.4,67.0,28.340000000000003,100461.0
366,2021-06-11 21:34:00,29.4,67.0,28.259999999999998,100459.0
367,2021-06-11 21:39:00,29.4,66.2,28.28,100451.6
368,2021-06-11 21:44:00,29.2,66.0,28.24,100454.4
369,2021-06-11 21:49:00,29.0,76.8,28.18,100453.8
370,2021-06-11 21:54:00,29.0,75.2,28.159999999999997,100460.8
371,2021-06-11 21:59:00,29.0,80.0,28.080000000000002,100461.0
372,2021-06-11 22:10:00,28.4,72.8,28.04,100461.2
373,2021-06-11 22:15:00,28.0,70.2,28.0,100466.6
374,2021-06-11 22:20:00,28.0,67.0,27.98,100470.4
375,2021-06-11 22:25:00,28.0,66.6,28.0,100467.4
376,2021-06-11 22:30:00,28.0,66.8,28.0,100465.4
377,2021-06-11 22:35:00,28.0,67.0,28.0,100460.0
378,2021-06-11 22:40:00,28.2,66.8,27.9,100461.4
379,2021-06-11 22:45:00,28.0,66.6,27.9,100465.4
380,2021-06-11 22:50:00,28.0,66.0,27.940000000000005,100464.8
381,2021-06-11 22:55:00,28.0,66.4,28.0,100464.0
382,2021-06-11 23:00:00,28.2,66.4,28.18,100469.4
383,2021-06-11 23:05:00,29.0,68.4,28.2,100473.4
384,2021-06-11 23:10:00,29.0,73.0,28.2,100482.2
385,2021-06-11 23:15:00,29.0,77.6,28.2,100483.8
386,2021-06-11 23:21:00,29.0,77.6,28.2,100482.0
387,2021-06-11 23:26:00,29.0,79.2,28.2,100477.6
388,2021-06-11 23:31:00,28.4,79.2,28.2,100470.0
389,2021-06-11 23:36:00,29.0,79.2,28.2,100459.4
390,2021-06-11 23:41:00,29.0,77.0,28.18,100453.0
391,2021-06-11 23:46:00,29.0,71.6,28.1,100446.2
392,2021-06-11 23:51:00,29.0,66.4,28.2,100446.4
393,2021-06-11 23:56:00,28.8,72.6,28.139999999999997,100439.2
394,2021-06-12 00:01:00,29.0,73.6,28.140000000000004,100430.4
395,2021-06-12 00:06:00,28.8,75.0,28.139999999999997,100421.8
396,2021-06-12 00:11:00,28.6,76.4,28.160000000000004,100413.6
397,2021-06-12 00:16:00,28.8,76.0,28.1,100413.8
398,2021-06-12 00:21:00,28.2,76.8,28.1,100409.0
399,2021-06-12 00:26:00,28.4,77.2,28.04,100399.0
400,2021-06-12 00:31:00,28.4,73.2,28.04,100382.8
401,2021-06-12 00:36:00,28.4,71.8,28.02,100373.6
402,2021-06-12 00:41:00,29.0,68.4,28.1,100367.8
403,2021-06-12 00:47:00,28.4,79.8,28.1,100365.8
404,2021-06-12 00:52:00,28.0,84.0,28.1,100363.4
405,2021-06-12 00:57:00,28.0,81.0,28.080000000000002,100364.0
406,2021-06-12 01:02:00,28.2,77.4,28.080000000000002,100365.4
407,2021-06-12 01:07:00,28.6,74.6,28.0,100367.2
408,2021-06-12 01:12:00,28.8,73.6,28.080000000000002,100363.6
409,2021-06-12 01:17:00,28.8,73.0,28.0,100365.8
410,2021-06-12 01:22:00,28.4,75.0,28.0,100371.0
411,2021-06-12 01:27:00,29.0,67.2,28.0,100369.4
412,2021-06-12 01:32:00,28.8,63.6,28.04,100373.6
413,2021-06-12 01:37:00,29.0,63.8,28.0,100384.0
414,2021-06-12 01:42:00,28.8,63.2,28.02,100388.2
415,2021-06-12 01:47:00,29.0,63.2,28.1,100397.4
416,2021-06-12 01:52:00,28.6,64.2,28.02,100401.4
417,2021-06-12 01:57:00,28.4,64.6,28.0,100404.0
418,2021-06-12 02:02:00,29.0,63.8,28.0,100403.2
419,2021-06-12 02:07:00,28.6,63.8,28.0,100407.2
420,2021-06-12 02:12:00,28.8,63.2,28.0,100409.6
421,2021-06-12 02:17:00,28.2,66.2,28.0,100411.4
422,2021-06-12 02:23:00,28.4,64.6,27.940000000000005,100406.4
423,2021-06-12 02:28:00,28.0,66.0,27.9,100405.0
424,2021-06-12 02:33:00,28.0,65.0,27.9,100407.2
425,2021-06-12 02:38:00,28.0,66.8,27.9,100394.6
426,2021-06-12 02:43:00,28.0,71.6,27.9,100381.2
427,2021-06-12 02:48:00,28.0,78.0,27.9,100374.2
428,2021-06-12 02:53:00,28.0,80.8,27.82,100372.4
429,2021-06-12 02:58:00,28.0,81.4,27.839999999999996,100370.0
430,2021-06-12 03:03:00,28.0,81.8,27.8,100368.8
431,2021-06-12 03:08:00,28.0,80.6,27.8,100360.2
432,2021-06-12 03:13:00,28.0,80.6,27.8,100354.4
433,2021-06-12 03:18:00,28.0,80.2,27.8,100355.2
434,2021-06-12 03:23:00,28.0,79.2,27.76,100363.0
435,2021-06-12 03:28:00,28.6,79.8,27.7,100365.8
436,2021-06-12 03:33:00,28.0,79.6,27.72,100359.6
437,2021-06-12 03:38:00,28.0,79.2,27.7,100364.2
438,2021-06-12 03:43:00,28.0,79.2,27.7,100364.4
439,2021-06-12 03:48:00,28.0,80.0,27.7,100374.4
440,2021-06-12 03:54:00,28.0,77.8,27.68,100382.0
441,2021-06-12 03:59:00,28.0,76.2,27.6,100386.6
442,2021-06-12 04:04:00,28.0,73.0,27.6,100385.4
443,2021-06-12 04:09:00,28.0,75.2,27.6,100386.0
444,2021-06-12 04:14:00,28.0,77.8,27.6,100379.4
445,2021-06-12 04:19:00,28.0,77.0,27.560000000000002,100375.6
446,2021-06-12 04:24:00,28.0,76.4,27.52,100368.0
447,2021-06-12 04:29:00,28.0,76.0,27.54,100361.2
448,2021-06-12 04:34:00,28.0,77.2,27.5,100366.4
449,2021-06-12 04:39:00,28.0,76.6,27.5,100366.0
450,2021-06-12 04:44:00,28.0,77.4,27.5,100365.4
451,2021-06-12 04:49:00,28.0,72.8,27.5,100376.8
452,2021-06-12 04:54:00,28.0,73.8,27.5,100376.8
453,2021-06-12 04:59:00,28.0,77.0,27.5,100376.4
454,2021-06-12 05:04:00,28.0,77.4,27.5,100374.6
455,2021-06-12 05:09:00,28.0,74.0,27.5,100386.0
456,2021-06-12 05:14:00,28.0,71.0,27.439999999999998,100402.4
457,2021-06-12 05:19:00,28.0,68.6,27.5,100416.4
458,2021-06-12 05:25:00,28.0,62.8,27.5,100424.6
459,2021-06-12 05:30:00,28.0,62.8,27.46,100439.8
460,2021-06-12 05:35:00,28.0,63.0,27.48,100447.0
461,2021-06-12 05:40:00,28.0,62.8,27.5,100454.2
462,2021-06-12 05:45:00,28.0,62.8,27.4,100462.8
463,2021-06-12 05:50:00,28.0,63.0,27.419999999999998,100466.2
464,2021-06-12 05:55:00,28.0,62.8,27.4,100468.4
465,2021-06-12 06:00:00,28.0,63.0,27.4,100483.2
466,2021-06-12 06:05:00,28.0,63.0,27.4,100490.2
467,2021-06-12 06:10:00,28.0,81.2,27.4,100493.4
468,2021-06-12 06:15:00,28.0,83.6,27.4,100494.2
469,2021-06-12 06:20:00,28.0,82.2,27.4,100495.2
470,2021-06-12 06:25:00,28.0,81.4,27.4,100494.2
471,2021-06-12 06:30:00,28.0,82.0,27.4,100506.4
472,2021-06-12 06:35:00,28.0,84.2,27.4,100516.4
473,2021-06-12 06:40:00,28.0,83.8,27.4,100519.4
474,2021-06-12 06:45:00,28.0,81.8,27.4,100523.0
475,2021-06-12 06:50:00,28.0,84.6,27.4,100526.6
476,2021-06-12 06:56:00,28.0,83.4,27.4,100524.2
477,2021-06-12 07:01:00,28.0,82.8,27.4,100521.4
478,2021-06-12 07:06:00,28.0,79.6,27.419999999999998,100513.0
479,2021-06-12 07:11:00,28.0,84.2,27.48,100519.4
480,2021-06-12 07:16:00,28.0,87.0,27.46,100530.8
481,2021-06-12 07:21:00,28.0,85.2,27.48,100530.0
482,2021-06-12 07:26:00,28.0,83.2,27.5,100527.6
483,2021-06-12 07:31:00,28.0,80.6,27.46,100524.4
484,2021-06-12 07:36:00,28.0,86.8,27.5,100531.8
485,2021-06-12 07:41:00,28.0,79.4,27.5,100533.6
486,2021-06-12 07:46:00,28.0,83.2,27.580000000000002,100536.0
487,2021-06-12 07:51:00,28.0,83.8,27.5,100544.0
488,2021-06-12 07:56:00,28.0,82.4,27.54,100539.4
489,2021-06-12 08:01:00,28.0,78.4,27.6,100540.2
490,2021-06-12 08:06:00,28.0,70.6,27.580000000000002,100549.6
491,2021-06-12 08:11:00,28.0,64.0,27.54,100555.0
492,2021-06-12 08:16:00,28.0,64.0,27.54,100554.4
493,2021-06-12 08:21:00,28.0,64.0,27.579999999999995,100557.8
494,2021-06-12 08:27:00,28.0,65.0,27.68,100551.6
495,2021-06-12 08:32:00,28.0,64.0,27.639999999999997,100550.4
496,2021-06-12 08:37:00,28.2,63.2,27.619999999999997,100547.8
497,2021-06-12 08:42:00,28.0,62.6,27.6,100548.2
498,2021-06-12 08:47:00,28.0,62.2,27.68,100553.4
499,2021-06-12 08:52:00,28.2,61.6,27.78,100559.2
500,2021-06-12 08:57:00,28.4,61.6,27.82,100555.2
501,2021-06-12 09:02:00,28.8,61.4,27.9,100558.6
502,2021-06-12 09:07:00,29.0,61.0,27.9,100556.6
503,2021-06-12 09:12:00,29.0,61.0,27.98,100562.0
504,2021-06-12 09:17:00,28.8,60.8,28.02,100556.6
505,2021-06-12 09:22:00,29.0,61.4,28.3,100555.4
506,2021-06-12 09:27:00,28.8,62.2,28.339999999999996,100552.0
507,2021-06-12 09:32:00,29.0,62.0,28.4,100545.8
508,2021-06-12 09:37:00,29.0,61.0,28.5,100546.0
509,2021-06-12 09:42:00,29.0,61.0,28.54,100535.6
510,2021-06-12 09:47:00,29.0,61.0,28.660000000000004,100532.6
511,2021-06-12 09:52:00,29.0,61.0,28.78,100528.0
512,2021-06-12 09:58:00,29.6,65.4,29.04,100519.2
513,2021-06-12 10:03:00,29.8,77.8,29.119999999999997,100517.8
514,2021-06-12 10:08:00,30.0,75.6,29.32,100507.4
515,2021-06-12 10:13:00,30.0,77.2,29.72,100498.0
516,2021-06-12 10:18:00,30.0,75.8,30.119999999999997,100476.8
517,2021-06-12 10:23:00,30.0,79.0,30.04,100478.0
518,2021-06-12 10:28:00,30.0,83.2,30.32,100481.4
519,2021-06-12 10:33:00,30.0,80.8,30.22,100483.2
520,2021-06-12 10:38:00,30.0,80.8,30.26,100491.2
521,2021-06-12 10:43:00,30.2,81.6,30.3,100496.2
522,2021-06-12 10:48:00,30.2,79.8,30.339999999999996,100500.2
523,2021-06-12 10:53:00,30.0,80.4,30.240000000000002,100498.8
524,2021-06-12 10:58:00,30.0,78.2,30.18,100499.8
525,2021-06-12 11:03:00,30.0,79.0,30.320000000000004,100502.2
526,2021-06-12 11:08:00,30.0,79.4,30.359999999999996,100494.8
527,2021-06-12 11:13:00,30.0,79.2,30.26,100492.6
528,2021-06-12 11:18:00,30.6,78.8,30.579999999999995,100490.2
529,2021-06-12 11:24:00,31.0,75.0,30.840000000000003,100486.4
530,2021-06-12 11:29:00,31.0,78.4,30.96,100478.8
531,2021-06-12 11:34:00,31.0,77.6,30.939999999999998,100474.0
532,2021-06-12 11:39:00,31.0,73.6,30.9,100476.6
533,2021-06-12 11:44:00,31.0,78.6,30.9,100474.4
534,2021-06-12 11:49:00,31.2,75.0,31.080000000000002,100464.6
535,2021-06-12 11:54:00,31.6,73.4,31.26,100456.0
536,2021-06-12 11:59:00,31.8,70.4,31.380000000000003,100456.2
537,2021-06-12 12:04:00,32.0,70.4,31.380000000000003,100448.8
538,2021-06-12 12:09:00,31.2,68.0,30.8,100448.4
539,2021-06-12 12:14:00,31.0,54.8,30.880000000000003,100443.0
540,2021-06-12 12:19:00,31.2,57.8,30.7,100442.0
541,2021-06-12 12:24:00,31.2,66.4,30.440000000000005,100446.0
542,2021-06-12 12:29:00,31.0,61.6,30.28,100448.8
543,2021-06-12 12:34:00,30.8,57.2,29.639999999999997,100485.0
544,2021-06-12 12:39:00,29.8,60.8,28.78,100464.6
545,2021-06-12 12:44:00,30.0,61.4,29.360000000000003,100452.0
546,2021-06-12 12:50:00,30.0,62.6,29.459999999999997,100448.4
547,2021-06-12 12:55:00,30.0,62.2,29.7,100435.0
548,2021-06-12 13:00:00,30.0,61.4,29.639999999999997,100419.8
549,2021-06-12 13:05:00,30.0,60.2,29.639999999999997,100437.4
550,2021-06-12 13:10:00,30.0,60.8,29.6,100437.0
551,2021-06-12 13:15:00,30.0,60.0,29.6,100442.2
552,2021-06-12 13:20:00,30.0,59.8,29.580000000000002,100478.0
553,2021-06-12 13:25:00,30.0,59.2,29.560000000000002,100509.2
554,2021-06-12 13:30:00,30.0,58.6,29.52,100513.6
555,2021-06-12 13:35:00,30.0,75.4,29.46,100478.4
556,2021-06-12 13:40:00,30.0,79.4,29.440000000000005,100427.4
557,2021-06-12 13:45:00,30.0,80.0,29.48,100412.2
558,2021-06-12 13:50:00,30.0,79.0,29.5,100426.2
559,2021-06-12 13:55:00,30.0,77.0,29.5,100425.4
560,2021-06-12 14:00:00,30.0,85.2,29.5,100397.8
561,2021-06-12 14:05:00,30.0,66.0,29.380000000000003,100388.8
562,2021-06-12 14:10:00,29.8,77.4,29.02,100403.4
563,2021-06-12 14:16:00,29.4,77.0,29.0,100403.0
564,2021-06-12 14:21:00,29.4,80.0,28.919999999999998,100389.4
565,2021-06-12 14:26:00,29.4,76.8,28.919999999999998,100375.6
566,2021-06-12 14:31:00,29.4,84.8,29.0,100361.2
567,2021-06-12 14:36:00,29.4,76.2,29.0,100336.0
568,2021-06-12 14:41:00,29.2,76.6,28.939999999999998,100321.6
569,2021-06-12 14:46:00,29.2,82.8,28.96,100319.0
570,2021-06-12 14:51:00,29.8,85.4,28.98,100309.2
571,2021-06-12 14:56:00,29.8,84.2,28.9,100296.4
572,2021-06-12 15:01:00,29.4,84.6,28.859999999999996,100294.0
573,2021-06-12 15:06:00,29.4,82.2,28.72,100294.0
574,2021-06-12 15:11:00,29.0,84.2,28.7,100294.0
575,2021-06-12 15:16:00,29.2,82.4,28.68,100293.0
576,2021-06-12 15:21:00,29.0,67.6,28.619999999999997,100290.8
577,2021-06-12 15:26:00,29.0,65.0,28.52,100292.0
578,2021-06-12 15:32:00,29.2,69.6,28.580000000000002,100299.2
579,2021-06-12 15:37:00,29.0,77.2,28.6,100303.0
580,2021-06-12 15:42:00,29.4,81.0,28.580000000000002,100309.8
581,2021-06-12 15:47:00,29.0,86.0,28.619999999999997,100311.2
582,2021-06-12 15:52:00,29.2,85.6,28.7,100300.2
583,2021-06-12 15:57:00,29.2,84.0,28.8,100278.0
584,2021-06-12 16:02:00,30.0,67.0,28.8,100272.8
585,2021-06-12 16:07:00,30.0,62.4,28.78,100282.2
586,2021-06-12 16:12:00,30.0,62.2,28.840000000000003,100278.6
587,2021-06-12 16:17:00,30.0,62.0,28.9,100286.6
588,2021-06-12 16:22:00,30.0,61.2,28.9,100289.2
589,2021-06-12 16:27:00,30.0,65.4,28.9,100295.6
590,2021-06-12 16:32:00,30.0,82.0,28.919999999999998,100305.8
591,2021-06-12 16:37:00,30.0,72.2,28.940000000000005,100301.8
592,2021-06-12 16:42:00,30.0,81.8,28.96,100310.0
593,2021-06-12 16:47:00,30.0,72.8,29.119999999999997,100316.6
594,2021-06-12 16:52:00,29.8,70.8,29.060000000000002,100329.0
595,2021-06-12 16:57:00,29.8,79.4,29.060000000000002,100341.0
596,2021-06-12 17:03:00,30.0,79.2,28.940000000000005,100340.4
597,2021-06-12 17:08:00,30.0,81.6,28.9,100341.8
598,2021-06-12 17:13:00,30.0,78.0,28.9,100350.0
599,2021-06-12 17:18:00,30.0,79.2,28.9,100354.0
600,2021-06-12 17:23:00,29.8,81.0,28.9,100353.6
601,2021-06-12 17:28:00,29.2,84.0,28.9,100355.4
602,2021-06-12 17:33:00,29.4,67.2,28.96,100360.0
603,2021-06-12 17:38:00,29.4,74.8,29.0,100360.6
604,2021-06-12 17:43:00,29.8,63.2,28.96,100368.6
605,2021-06-12 17:48:00,30.0,64.0,28.9,100370.6
606,2021-06-12 17:53:00,30.0,82.4,28.9,100378.8
607,2021-06-12 17:58:00,30.0,83.4,28.880000000000003,100384.4
608,2021-06-12 18:03:00,29.8,84.0,28.919999999999998,100385.4
609,2021-06-12 18:08:00,29.4,81.6,28.9,100392.6
610,2021-06-12 18:13:00,29.4,80.0,28.9,100403.0
611,2021-06-12 18:18:00,29.2,80.0,28.839999999999996,100408.6
612,2021-06-12 18:23:00,29.2,78.2,28.8,100417.2
613,2021-06-12 18:29:00,29.0,78.4,28.8,100424.0
614,2021-06-12 18:34:00,29.2,76.4,28.76,100439.0
615,2021-06-12 18:39:00,29.0,77.0,28.7,100448.8
616,2021-06-12 18:44:00,29.0,77.6,28.639999999999997,100451.4
617,2021-06-12 18:49:00,29.0,77.2,28.48,100448.4
618,2021-06-12 18:54:00,29.0,78.4,28.439999999999998,100449.8
619,2021-06-12 18:59:00,29.0,72.0,28.5,100459.6
620,2021-06-12 19:04:00,29.0,61.2,28.559999999999995,100468.4
621,2021-06-12 19:09:00,29.0,61.0,28.6,100488.4
622,2021-06-12 19:14:00,29.0,61.0,28.6,100510.4
623,2021-06-12 19:19:00,29.0,61.0,28.580000000000002,100516.2
624,2021-06-12 19:24:00,29.0,62.0,28.5,100519.0
625,2021-06-12 19:29:00,29.0,61.6,28.419999999999998,100524.6
626,2021-06-12 19:34:00,29.0,61.4,28.359999999999996,100529.2
627,2021-06-12 19:39:00,29.0,62.0,28.26,100531.4
628,2021-06-12 19:44:00,29.0,62.0,28.3,100543.6
629,2021-06-12 19:50:00,29.0,61.8,28.3,100549.6
630,2021-06-12 19:55:00,29.0,62.2,28.339999999999996,100562.6
631,2021-06-12 20:00:00,29.0,62.2,28.2,100573.2
632,2021-06-12 20:05:00,29.0,62.2,28.140000000000004,100573.2
633,2021-06-12 20:10:00,29.0,62.8,28.139999999999997,100573.6
634,2021-06-12 20:15:00,29.0,63.0,28.080000000000002,100581.0
635,2021-06-12 20:20:00,29.0,63.0,28.080000000000002,100594.2
636,2021-06-12 20:25:00,29.0,63.0,28.22,100595.0
637,2021-06-12 20:30:00,29.0,63.0,28.3,100596.6
638,2021-06-12 20:35:00,29.0,63.2,28.3,100598.8
639,2021-06-12 20:40:00,29.0,63.0,28.3,100605.0
640,2021-06-12 20:45:00,29.0,63.0,28.24,100606.4
641,2021-06-12 20:50:00,29.0,63.2,28.18,100615.0
642,2021-06-12 20:55:00,28.8,64.2,28.04,100627.2
643,2021-06-12 21:00:00,29.0,63.4,28.02,100631.4
644,2021-06-12 21:06:00,28.4,64.0,28.1,100638.0
645,2021-06-12 21:11:00,28.6,63.6,28.1,100642.8
646,2021-06-12 21:16:00,28.8,63.6,28.080000000000002,100653.6
647,2021-06-12 21:21:00,28.6,64.2,28.1,100656.8
648,2021-06-12 21:26:00,28.6,63.4,28.080000000000002,100657.4
649,2021-06-12 21:31:00,28.0,63.8,28.0,100657.4
650,2021-06-12 21:36:00,28.6,62.6,28.160000000000004,100658.0
651,2021-06-12 21:41:00,29.0,61.0,28.22,100662.8
652,2021-06-12 21:46:00,29.0,61.0,28.22,100667.6
653,2021-06-12 21:51:00,29.0,61.0,28.3,100675.0
654,2021-06-12 21:56:00,29.0,61.0,28.3,100684.0
655,2021-06-12 22:01:00,29.2,61.0,28.3,100692.6
656,2021-06-12 22:06:00,29.0,61.0,28.3,100693.8
657,2021-06-12 22:11:00,29.0,61.0,28.3,100702.8
658,2021-06-12 22:16:00,29.0,61.0,28.28,100708.2
659,2021-06-12 22:21:00,29.0,61.0,28.3,100715.4
660,2021-06-12 22:27:00,29.0,61.0,28.3,100710.4
661,2021-06-12 22:32:00,29.0,68.6,28.3,100716.0
662,2021-06-12 22:37:00,29.0,72.0,28.28,100704.8
663,2021-06-12 22:42:00,29.0,75.8,28.26,100701.0
664,2021-06-12 22:47:00,29.0,77.6,28.2,100702.4
665,2021-06-12 22:52:00,29.0,71.2,28.2,100696.0
666,2021-06-12 22:57:00,29.0,64.8,28.2,100690.8
667,2021-06-12 23:02:00,29.0,62.4,28.2,100688.2
668,2021-06-12 23:07:00,29.0,65.4,28.119999999999997,100686.2
669,2021-06-12 23:12:00,28.8,69.4,28.119999999999997,100688.6
670,2021-06-12 23:17:00,28.8,69.8,28.1,100689.4
671,2021-06-12 23:22:00,28.8,67.0,28.1,100690.6
672,2021-06-12 23:27:00,28.8,64.8,28.1,100675.2
673,2021-06-12 23:32:00,29.0,67.4,28.1,100667.6
674,2021-06-12 23:37:00,29.0,79.4,28.1,100663.8
675,2021-06-12 23:43:00,29.0,67.8,28.1,100654.6
676,2021-06-12 23:48:00,28.8,67.0,28.080000000000002,100649.8
677,2021-06-12 23:53:00,28.4,69.2,28.080000000000002,100634.8
678,2021-06-12 23:58:00,28.8,70.2,28.0,100628.6
679,2021-06-13 00:03:00,28.6,68.4,28.0,100631.8
680,2021-06-13 00:08:00,28.6,72.2,28.0,100624.8
681,2021-06-13 00:13:00,29.0,64.0,28.0,100618.6
682,2021-06-13 00:18:00,28.8,59.2,28.0,100610.2
683,2021-06-13 00:23:00,28.6,59.4,27.96,100610.0
684,2021-06-13 00:28:00,28.8,59.2,27.9,100610.4
685,2021-06-13 00:33:00,28.4,62.0,27.880000000000003,100611.0
686,2021-06-13 00:38:00,28.6,59.4,27.880000000000003,100616.2
687,2021-06-13 00:43:00,28.4,59.6,27.9,100619.0
688,2021-06-13 00:48:00,28.2,71.4,27.9,100621.8
689,2021-06-13 00:53:00,28.4,59.6,27.839999999999996,100619.8
690,2021-06-13 00:58:00,28.2,59.8,27.8,100614.6
691,2021-06-13 01:04:00,28.0,60.0,27.8,100621.4
692,2021-06-13 01:09:00,28.0,60.0,27.8,100622.0
693,2021-06-13 01:14:00,28.0,69.6,27.8,100622.0
694,2021-06-13 01:19:00,28.0,69.8,27.8,100613.6
695,2021-06-13 01:24:00,28.2,59.8,27.8,100611.0
696,2021-06-13 01:29:00,28.0,60.0,27.8,100603.6
697,2021-06-13 01:34:00,28.0,60.0,27.8,100598.8
698,2021-06-13 01:39:00,28.2,82.6,27.8,100592.6
699,2021-06-13 01:44:00,28.2,83.2,27.8,100590.8
700,2021-06-13 01:49:00,28.0,68.0,27.74,100583.8
701,2021-06-13 01:54:00,28.0,72.0,27.7,100572.8
702,2021-06-13 01:59:00,28.0,87.4,27.7,100566.8
703,2021-06-13 02:04:00,28.0,67.6,27.7,100570.4
704,2021-06-13 02:09:00,28.0,61.0,27.7,100561.4
705,2021-06-13 02:14:00,28.0,60.8,27.7,100561.4
706,2021-06-13 02:19:00,28.0,61.0,27.7,100562.6
707,2021-06-13 02:25:00,28.0,61.0,27.7,100560.8
708,2021-06-13 02:30:00,28.0,64.8,27.7,100557.4
709,2021-06-13 02:35:00,28.2,72.8,27.7,100552.6
710,2021-06-13 02:40:00,28.0,71.6,27.639999999999997,100560.2
711,2021-06-13 02:45:00,28.0,81.2,27.6,100565.0
712,2021-06-13 02:50:00,28.0,60.0,27.6,100565.0
713,2021-06-13 02:55:00,28.0,60.0,27.6,100565.2
714,2021-06-13 03:00:00,28.0,60.0,27.6,100557.6
715,2021-06-13 03:05:00,28.6,59.4,27.6,100558.6
716,2021-06-13 03:10:00,28.0,60.0,27.52,100553.4
717,2021-06-13 03:15:00,28.0,60.0,27.5,100544.2
718,2021-06-13 03:20:00,28.0,60.0,27.5,100547.4
719,2021-06-13 03:25:00,28.0,59.8,27.5,100548.0
720,2021-06-13 03:30:00,28.0,60.0,27.5,100543.8
721,2021-06-13 03:35:00,28.0,60.0,27.5,100541.8
722,2021-06-13 03:40:00,28.0,60.0,27.5,100543.2
723,2021-06-13 03:45:00,28.0,60.0,27.5,100547.8
724,2021-06-13 03:51:00,28.0,60.0,27.5,100547.6
725,2021-06-13 03:56:00,28.0,60.0,27.46,100544.8
726,2021-06-13 04:01:00,28.0,60.0,27.4,100547.0
727,2021-06-13 04:06:00,28.0,60.0,27.419999999999998,100544.6
728,2021-06-13 04:11:00,28.0,60.0,27.4,100552.2
729,2021-06-13 04:16:00,28.0,60.0,27.4,100555.0
730,2021-06-13 04:21:00,28.0,60.0,27.32,100555.2
731,2021-06-13 04:26:00,28.0,60.0,27.380000000000003,100565.8
732,2021-06-13 04:31:00,28.0,60.0,27.359999999999996,100577.0
733,2021-06-13 04:36:00,28.0,60.0,27.32,100575.6
734,2021-06-13 04:41:00,28.0,60.0,27.3,100572.2
735,2021-06-13 04:46:00,28.0,60.0,27.3,100574.2
736,2021-06-13 04:51:00,28.0,60.0,27.3,100573.6
737,2021-06-13 04:56:00,28.0,60.0,27.3,100568.6
738,2021-06-13 05:01:00,28.0,60.0,27.3,100570.2
739,2021-06-13 05:06:00,28.0,60.0,27.26,100570.2
740,2021-06-13 05:12:00,28.0,60.0,27.3,100566.4
741,2021-06-13 05:17:00,28.0,60.0,27.259999999999998,100571.2
742,2021-06-13 05:22:00,28.0,60.0,27.2,100570.2
743,2021-06-13 05:27:00,28.0,60.2,27.2,100572.4
744,2021-06-13 05:32:00,28.0,60.6,27.2,100578.8
745,2021-06-13 05:37:00,28.0,60.0,27.2,100590.6
746,2021-06-13 05:42:00,28.0,60.0,27.2,100597.8
747,2021-06-13 05:47:00,28.0,60.0,27.2,100607.8
748,2021-06-13 05:52:00,28.0,60.0,27.2,100620.4
749,2021-06-13 05:57:00,28.0,60.0,27.160000000000004,100616.0
750,2021-06-13 06:02:00,28.0,60.8,27.2,100613.0
751,2021-06-13 06:07:00,28.0,60.2,27.2,100618.8
752,2021-06-13 06:12:00,28.0,60.6,27.18,100616.2
753,2021-06-13 06:17:00,28.0,60.0,27.18,100620.8
754,2021-06-13 06:22:00,28.0,60.2,27.060000000000002,100622.6
755,2021-06-13 06:28:00,27.6,61.0,26.76,100626.8
756,2021-06-13 06:33:00,27.0,62.0,26.68,100634.0
757,2021-06-13 06:38:00,27.0,62.0,26.619999999999997,100642.6
758,2021-06-13 06:43:00,27.0,62.0,26.7,100641.6
759,2021-06-13 06:48:00,27.0,62.0,26.7,100638.6
760,2021-06-13 06:53:00,27.2,62.0,26.8,100652.4
761,2021-06-13 06:58:00,27.8,62.6,26.9,100659.0
762,2021-06-13 07:03:00,28.0,63.0,26.9,100663.6
763,2021-06-13 07:08:00,28.0,62.8,27.0,100670.4
764,2021-06-13 07:13:00,28.0,62.2,27.04,100675.6
765,2021-06-13 07:18:00,28.0,61.6,27.1,100675.0
766,2021-06-13 07:23:00,28.0,61.8,27.159999999999997,100676.6
767,2021-06-13 07:28:00,28.0,62.0,27.24,100675.4
768,2021-06-13 07:33:00,28.0,62.0,27.3,100668.8
769,2021-06-13 07:38:00,28.0,61.6,27.359999999999996,100665.6
770,2021-06-13 07:43:00,28.0,61.4,27.440000000000005,100671.2
771,2021-06-13 07:49:00,28.0,61.0,27.419999999999998,100680.4
772,2021-06-13 07:54:00,28.0,62.0,27.4,100681.2
773,2021-06-13 07:59:00,28.0,62.0,27.48,100680.0
774,2021-06-13 08:04:00,28.0,61.8,27.580000000000002,100686.8
775,2021-06-13 08:09:00,28.0,62.0,27.6,100691.4
776,2021-06-13 08:14:00,28.0,62.0,27.6,100693.0
777,2021-06-13 08:19:00,28.0,62.0,27.78,100686.8
778,2021-06-13 08:24:00,28.0,60.6,27.9,100684.8
779,2021-06-13 08:29:00,28.0,61.0,27.880000000000003,100684.6
780,2021-06-13 08:34:00,29.0,58.8,28.080000000000002,100681.6
781,2021-06-13 08:39:00,28.6,58.0,28.119999999999997,100678.4
782,2021-06-13 08:44:00,28.4,58.2,27.9,100682.0
783,2021-06-13 08:49:00,28.4,58.0,28.0,100684.0
784,2021-06-13 08:54:00,28.0,57.2,27.9,100675.4
785,2021-06-13 08:59:00,28.2,56.2,27.880000000000003,100672.0
786,2021-06-13 09:04:00,28.8,56.2,27.96,100672.4
787,2021-06-13 09:10:00,28.8,57.0,28.2,100669.8
788,2021-06-13 09:15:00,29.0,56.8,28.48,100660.8
789,2021-06-13 09:20:00,29.0,56.4,28.559999999999995,100658.0
790,2021-06-13 09:25:00,29.0,54.2,28.640000000000004,100661.6
791,2021-06-13 09:30:00,29.0,50.6,28.619999999999997,100653.0
792,2021-06-13 09:35:00,29.0,52.0,28.74,100644.8
793,2021-06-13 09:40:00,29.6,51.4,28.940000000000005,100652.4
794,2021-06-13 09:45:00,29.6,53.2,29.02,100656.4
795,2021-06-13 09:50:00,30.0,50.6,29.18,100654.0
796,2021-06-13 09:55:00,30.0,49.8,29.259999999999998,100651.8
797,2021-06-13 10:00:00,30.0,53.8,29.159999999999997,100642.2
798,2021-06-13 10:05:00,30.0,54.6,29.22,100633.4
799,2021-06-13 10:10:00,30.0,53.8,29.439999999999998,100627.0
800,2021-06-13 10:15:00,30.0,50.8,29.660000000000004,100615.0
801,2021-06-13 10:20:00,30.0,47.2,29.979999999999997,100611.4
802,2021-06-13 16:28:00,30.6,42.4,29.9,100402.6
803,2021-06-13 16:33:00,31.0,42.0,29.9,100396.8
804,2021-06-13 16:40:00,30.6,42.6,29.82,100398.0
805,2021-06-13 16:49:00,30.2,45.4,29.619999999999997,100392.8
806,2021-06-13 16:57:00,30.0,50.2,29.339999999999996,100402.2
807,2021-06-13 17:02:00,30.0,52.0,29.419999999999998,100402.6
808,2021-06-13 17:07:00,30.0,52.0,29.419999999999998,100405.6
809,2021-06-13 17:12:00,30.0,52.2,29.3,100411.4
810,2021-06-13 17:17:00,30.0,52.2,29.419999999999998,100418.8
811,2021-06-13 17:22:00,30.0,52.0,29.340000000000003,100420.8
812,2021-06-13 17:29:00,30.0,53.0,29.46,100416.6
813,2021-06-13 17:34:00,30.0,52.0,29.419999999999998,100416.6
814,2021-06-13 17:39:00,30.0,52.6,29.440000000000005,100426.0
815,2021-06-13 17:44:00,30.0,51.6,29.46,100433.8
816,2021-06-13 17:49:00,30.0,50.6,29.420000000000005,100429.0
817,2021-06-13 17:54:00,30.0,51.8,29.4,100436.8
818,2021-06-13 17:59:00,30.0,51.6,29.4,100444.4
819,2021-06-13 18:04:00,30.4,51.0,29.5,100446.0
820,2021-06-13 18:09:00,30.2,51.8,29.5,100456.4
821,2021-06-13 18:14:00,30.0,52.6,29.5,100467.4
822,2021-06-13 18:19:00,30.0,53.2,29.5,100475.6
823,2021-06-13 18:24:00,30.0,54.0,29.5,100480.0
824,2021-06-13 18:29:00,30.0,54.4,29.5,100480.4
825,2021-06-13 18:34:00,30.0,55.6,29.440000000000005,100493.6
826,2021-06-13 18:40:00,30.0,56.0,29.32,100498.6
827,2021-06-13 18:45:00,30.0,56.4,29.160000000000004,100504.0
828,2021-06-13 18:50:00,30.0,58.0,29.28,100508.2
829,2021-06-13 18:55:00,30.0,58.0,29.360000000000003,100514.6
830,2021-06-13 19:00:00,30.0,57.6,29.339999999999996,100525.4
831,2021-06-13 19:05:00,30.0,57.4,29.3,100532.0
832,2021-06-13 19:10:00,30.0,57.6,29.28,100536.4
833,2021-06-13 19:15:00,30.0,57.0,29.26,100543.0
834,2021-06-13 19:20:00,30.0,57.2,29.28,100540.0
835,2021-06-13 19:25:00,30.0,57.4,29.22,100543.6
836,2021-06-13 19:30:00,30.0,57.0,29.1,100541.2
837,2021-06-13 19:35:00,30.0,57.2,29.060000000000002,100544.6
838,2021-06-13 19:40:00,30.0,56.6,29.04,100543.8
839,2021-06-13 19:45:00,30.0,56.6,29.0,100547.2
840,2021-06-13 19:50:00,30.0,54.6,29.160000000000004,100545.8
841,2021-06-13 19:55:00,30.0,53.2,29.2,100540.4
842,2021-06-13 20:00:00,30.0,53.0,29.2,100536.8
843,2021-06-13 20:05:00,30.0,53.0,29.2,100534.0
844,2021-06-13 20:11:00,30.0,52.6,29.2,100540.0
845,2021-06-13 20:16:00,30.0,52.2,29.2,100544.8
846,2021-06-13 20:21:00,30.2,52.2,29.2,100548.4
847,2021-06-13 20:26:00,30.0,52.8,29.2,100555.6
848,2021-06-13 20:31:00,30.0,52.4,29.2,100561.0
849,2021-06-13 20:36:00,30.0,53.0,29.24,100565.2
850,2021-06-13 20:41:00,30.0,54.8,29.4,100567.6
851,2021-06-13 20:46:00,30.0,54.8,29.4,100572.2
852,2021-06-13 20:51:00,30.0,55.0,29.439999999999998,100575.8
853,2021-06-13 20:56:00,30.0,55.0,29.4,100577.0
854,2021-06-13 21:01:00,30.0,55.0,29.4,100586.6
855,2021-06-13 21:06:00,30.0,55.8,29.4,100599.4
856,2021-06-13 21:11:00,30.0,55.8,29.4,100597.0
857,2021-06-13 21:16:00,30.0,56.2,29.32,100599.8
858,2021-06-13 21:21:00,30.0,53.8,29.24,100602.2
859,2021-06-13 21:26:00,30.0,54.8,29.28,100606.0
860,2021-06-13 21:31:00,30.0,56.0,29.3,100615.0
861,2021-06-13 21:36:00,30.0,56.8,29.3,100619.8
862,2021-06-13 21:42:00,30.0,56.6,29.380000000000003,100623.6
863,2021-06-13 21:47:00,30.0,56.8,29.359999999999996,100627.2
864,2021-06-13 21:52:00,30.0,56.2,29.32,100628.4
865,2021-06-13 21:57:00,30.0,56.4,29.360000000000003,100634.0
866,2021-06-13 22:02:00,30.0,57.6,29.419999999999998,100638.0
867,2021-06-13 22:07:00,30.0,57.4,29.32,100634.2
868,2021-06-13 22:12:00,30.0,55.2,29.3,100625.8
869,2021-06-13 22:17:00,30.0,53.6,29.28,100618.0
870,2021-06-13 22:22:00,30.0,53.0,29.22,100613.8
871,2021-06-13 22:27:00,30.2,52.8,29.2,100615.4
872,2021-06-13 22:32:00,30.0,53.8,29.139999999999997,100613.6
873,2021-06-13 22:37:00,30.0,53.0,29.18,100618.0
874,2021-06-13 22:42:00,30.0,53.6,29.18,100614.2
875,2021-06-13 22:47:00,30.0,53.4,29.119999999999997,100615.2
876,2021-06-13 22:52:00,30.0,54.2,29.1,100612.4
877,2021-06-13 22:57:00,30.0,54.0,29.1,100602.0
878,2021-06-13 23:03:00,30.0,55.0,29.1,100607.4
879,2021-06-13 23:08:00,30.0,54.6,29.1,100615.8
880,2021-06-13 23:16:00,30.2,55.2,29.1,100614.2
881,2021-06-13 23:21:00,30.2,56.2,29.0,100609.0
882,2021-06-13 23:26:00,30.0,57.0,29.0,100609.0
883,2021-06-13 23:32:00,30.0,57.2,29.0,100607.8
884,2021-06-13 23:37:00,30.0,57.0,29.0,100607.8
885,2021-06-13 23:42:00,30.0,57.2,29.0,100604.6
886,2021-06-13 23:47:00,30.0,57.2,29.0,100606.8
887,2021-06-13 23:52:00,30.0,57.2,28.940000000000005,100605.8
888,2021-06-13 23:57:00,30.0,57.8,28.9,100600.4
889,2021-06-14 00:02:00,30.0,57.8,28.9,100597.2
890,2021-06-14 00:07:00,30.0,57.8,28.9,100597.2
891,2021-06-14 00:12:00,30.0,57.8,28.9,100595.4
892,2021-06-14 00:17:00,30.0,58.0,28.839999999999996,100594.4
893,2021-06-14 00:22:00,30.0,58.0,28.8,100594.8
894,2021-06-14 00:27:00,30.0,58.0,28.8,100584.6
895,2021-06-14 00:32:00,30.0,58.0,28.8,100574.6
896,2021-06-14 00:37:00,30.0,58.0,28.8,100565.8
897,2021-06-14 00:42:00,30.0,58.0,28.8,100561.6
898,2021-06-14 00:47:00,30.0,58.0,28.8,100559.6
899,2021-06-14 00:53:00,30.0,58.0,28.759999999999998,100558.6
900,2021-06-14 00:58:00,30.0,58.0,28.76,100563.0
901,2021-06-14 01:03:00,30.0,58.0,28.78,100561.2
902,2021-06-14 01:08:00,30.0,57.8,28.8,100556.6
903,2021-06-14 01:13:00,30.0,57.4,28.8,100548.2
904,2021-06-14 01:18:00,30.0,57.4,28.8,100544.8
905,2021-06-14 01:23:00,30.0,57.4,28.82,100538.8
906,2021-06-14 01:28:00,30.0,57.6,28.8,100538.2
907,2021-06-14 01:33:00,30.0,57.6,28.8,100535.2
908,2021-06-14 01:38:00,30.0,57.4,28.8,100535.4
909,2021-06-14 01:43:00,30.0,57.4,28.8,100537.6
910,2021-06-14 01:48:00,30.0,57.4,28.8,100539.8
911,2021-06-14 01:53:00,30.0,57.6,28.8,100540.2
912,2021-06-14 01:58:00,30.0,58.0,28.8,100536.4
913,2021-06-14 02:03:00,30.0,58.0,28.8,100537.6
914,2021-06-14 02:09:00,30.0,58.0,28.76,100532.6
915,2021-06-14 02:14:00,30.0,58.0,28.74,100541.2
916,2021-06-14 02:19:00,30.0,57.8,28.8,100541.0
917,2021-06-14 02:24:00,30.0,57.8,28.8,100536.4
918,2021-06-14 02:29:00,30.0,58.0,28.8,100532.0
919,2021-06-14 02:34:00,30.0,58.0,28.74,100522.2
920,2021-06-14 02:39:00,30.0,58.0,28.72,100515.2
921,2021-06-14 02:44:00,30.0,58.0,28.7,100512.0
922,2021-06-14 02:49:00,30.0,58.0,28.7,100505.8
923,2021-06-14 02:54:00,30.0,58.0,28.7,100504.4
924,2021-06-14 02:59:00,30.0,58.0,28.7,100498.6
925,2021-06-14 03:04:00,30.0,58.0,28.7,100503.0
926,2021-06-14 03:09:00,30.0,58.0,28.7,100516.0
927,2021-06-14 03:14:00,30.0,58.0,28.7,100522.8
928,2021-06-14 03:19:00,30.0,58.0,28.7,100535.8
929,2021-06-14 03:24:00,30.0,58.0,28.659999999999997,100539.8
930,2021-06-14 03:29:00,30.0,58.0,28.6,100537.6
931,2021-06-14 03:34:00,30.0,58.0,28.619999999999997,100536.8
932,2021-06-14 03:40:00,30.0,58.0,28.6,100546.4
933,2021-06-14 03:45:00,30.0,58.0,28.6,100556.6
934,2021-06-14 03:50:00,30.0,58.0,28.6,100561.0
935,2021-06-14 03:55:00,30.0,58.0,28.6,100572.8
936,2021-06-14 04:00:00,30.0,58.0,28.6,100566.6
937,2021-06-14 04:05:00,30.0,58.0,28.580000000000002,100556.2
938,2021-06-14 04:10:00,30.0,58.0,28.5,100542.8
939,2021-06-14 04:15:00,30.0,57.6,28.5,100528.8
940,2021-06-14 04:20:00,30.0,57.4,28.48,100536.0
941,2021-06-14 04:25:00,30.0,57.6,28.5,100554.2
942,2021-06-14 04:30:00,30.0,57.2,28.46,100556.4
943,2021-06-14 04:35:00,30.0,57.2,28.5,100556.0
944,2021-06-14 04:40:00,30.0,57.0,28.48,100562.6
945,2021-06-14 04:45:00,30.0,57.0,28.4,100561.0
946,2021-06-14 04:50:00,30.0,56.4,28.4,100551.2
947,2021-06-14 04:55:00,30.0,56.4,28.4,100543.8
948,2021-06-14 05:01:00,30.0,56.8,28.4,100540.6
949,2021-06-14 05:06:00,30.0,57.0,28.4,100535.0
950,2021-06-14 05:11:00,30.0,56.4,28.359999999999996,100535.0
951,2021-06-14 05:16:00,30.0,56.0,28.3,100528.2
952,2021-06-14 05:21:00,29.8,56.2,28.3,100522.4
953,2021-06-14 05:26:00,30.0,56.2,28.3,100519.6
954,2021-06-14 05:31:00,30.0,56.2,28.26,100521.2
955,2021-06-14 05:36:00,30.0,56.4,28.3,100518.6
956,2021-06-14 05:41:00,30.0,55.6,28.24,100519.4
957,2021-06-14 05:46:00,30.0,56.4,28.22,100524.2
958,2021-06-14 05:51:00,30.0,56.0,28.26,100525.4
959,2021-06-14 05:56:00,29.8,56.2,28.26,100521.8
960,2021-06-14 06:01:00,30.0,56.4,28.28,100521.6
961,2021-06-14 06:06:00,30.0,56.6,28.240000000000002,100519.2
962,2021-06-14 06:11:00,30.0,56.6,28.28,100519.2
963,2021-06-14 06:16:00,30.0,56.4,28.3,100516.4
964,2021-06-14 06:21:00,30.0,56.8,28.26,100512.6
965,2021-06-14 06:27:00,30.0,56.8,28.3,100518.4
966,2021-06-14 06:32:00,30.0,56.6,28.28,100518.2
967,2021-06-14 06:37:00,29.8,56.8,28.24,100511.0
968,2021-06-14 06:42:00,30.0,57.0,28.2,100512.8
969,2021-06-14 06:47:00,30.0,56.8,28.22,100511.4
970,2021-06-14 06:52:00,29.8,56.8,28.2,100507.2
971,2021-06-14 06:57:00,30.0,55.8,28.2,100506.4
972,2021-06-14 07:02:00,30.0,55.8,28.22,100502.8
973,2021-06-14 07:07:00,30.0,55.4,28.22,100506.2
974,2021-06-14 07:12:00,30.0,55.2,28.28,100509.8
975,2021-06-14 07:17:00,30.0,54.8,28.26,100516.2
976,2021-06-14 07:22:00,30.0,54.0,28.24,100520.8
977,2021-06-14 07:27:00,30.0,54.0,28.26,100523.2
978,2021-06-14 07:32:00,30.0,53.6,28.22,100525.2
979,2021-06-14 07:37:00,30.0,53.2,28.2,100518.2
980,2021-06-14 07:42:00,30.0,53.4,28.2,100518.0
981,2021-06-14 07:47:00,29.8,53.0,28.22,100519.0
982,2021-06-14 07:52:00,30.0,53.0,28.2,100518.8
983,2021-06-14 07:58:00,30.0,53.0,28.2,100520.2
984,2021-06-14 08:03:00,30.0,53.0,28.2,100513.8
985,2021-06-14 08:08:00,30.0,53.0,28.22,100506.2
986,2021-06-14 08:13:00,30.0,52.2,28.2,100510.8
987,2021-06-14 08:18:00,30.0,52.6,28.2,100510.4
988,2021-06-14 08:23:00,30.0,52.8,28.28,100507.0
989,2021-06-14 08:28:00,30.0,52.0,28.3,100501.0
990,2021-06-14 08:33:00,30.0,52.0,28.3,100503.4
991,2021-06-14 08:39:00,30.0,52.0,28.3,100497.4
992,2021-06-14 08:44:00,30.0,50.4,28.3,100497.0
993,2021-06-14 08:49:00,30.0,51.6,28.340000000000003,100491.8
994,2021-06-14 08:54:00,30.0,51.2,28.4,100492.4
995,2021-06-14 08:59:00,29.8,49.8,28.4,100484.8
996,2021-06-14 09:04:00,30.0,51.2,28.54,100480.4
997,2021-06-14 09:09:00,30.0,49.8,28.660000000000004,100481.4
998,2021-06-14 09:15:00,30.0,47.0,28.72,100483.0
999,2021-06-14 09:20:00,30.0,48.6,28.8,100479.2
1000,2021-06-14 09:25:00,30.0,49.0,29.0,100479.0
1001,2021-06-14 09:30:00,30.0,49.2,29.059999999999995,100483.2
1002,2021-06-14 09:35:00,30.0,49.8,29.259999999999998,100483.2
1003,2021-06-14 09:40:00,30.0,51.0,29.459999999999997,100487.8
1004,2021-06-14 09:45:00,30.4,46.6,29.839999999999996,100481.0
1005,2021-06-14 09:50:00,31.0,45.0,29.9,100483.4
1006,2021-06-14 09:55:00,30.8,45.4,30.080000000000002,100483.4
1007,2021-06-14 10:00:00,31.0,44.6,30.080000000000002,100480.2
1008,2021-06-14 10:05:00,31.0,46.0,29.9,100475.6
1009,2021-06-14 10:10:00,30.8,45.8,29.859999999999996,100479.6
1010,2021-06-14 10:15:00,31.0,44.6,30.26,100480.6
1011,2021-06-14 10:20:00,31.0,44.6,30.1,100479.8
1012,2021-06-14 10:25:00,31.0,43.6,30.120000000000005,100479.8
1013,2021-06-14 10:30:00,31.0,43.4,30.28,100471.4
1014,2021-06-14 10:35:00,31.2,42.4,30.48,100469.8
1015,2021-06-14 10:40:00,31.0,40.2,30.419999999999998,100464.2
1016,2021-06-14 10:45:00,31.8,39.0,30.68,100460.8
1017,2021-06-14 10:51:00,32.0,39.6,30.68,100459.0
1018,2021-06-14 10:56:00,32.0,38.4,30.820000000000004,100458.4
1019,2021-06-14 11:01:00,32.0,38.2,30.6,100463.8
1020,2021-06-14 11:06:00,32.0,38.4,30.82,100454.6
1021,2021-06-14 11:11:00,32.0,35.8,31.279999999999994,100454.0
1022,2021-06-14 11:16:00,32.4,34.4,31.5,100448.0
1023,2021-06-14 11:21:00,32.4,35.4,31.54,100441.8
1024,2021-06-14 11:26:00,32.2,36.4,31.4,100436.6
1025,2021-06-14 11:31:00,32.8,36.2,31.839999999999996,100435.4
1026,2021-06-14 11:36:00,33.0,35.4,31.839999999999996,100436.0
1027,2021-06-14 11:41:00,33.0,33.2,31.860000000000003,100424.0
1028,2021-06-14 11:46:00,33.0,32.8,31.679999999999996,100423.4
1029,2021-06-14 11:51:00,33.0,32.4,31.839999999999996,100422.4
1030,2021-06-14 11:56:00,33.0,31.4,31.939999999999998,100414.6
1031,2021-06-14 12:01:00,33.0,31.4,32.0,100409.8
1032,2021-06-14 12:06:00,33.0,29.8,32.019999999999996,100408.2
1033,2021-06-14 12:11:00,33.0,30.8,32.0,100409.2
1034,2021-06-14 12:16:00,33.0,31.6,32.260000000000005,100402.2
1035,2021-06-14 12:22:00,33.0,30.4,32.08,100397.2
1036,2021-06-14 12:27:00,33.0,32.2,31.68,100392.2
1037,2021-06-14 12:32:00,33.0,34.0,31.419999999999998,100384.6
1038,2021-06-14 12:37:00,33.0,34.0,31.4,100380.6
1039,2021-06-14 12:42:00,33.0,34.8,31.380000000000003,100373.2
1040,2021-06-14 12:47:00,33.0,35.4,31.359999999999996,100371.2
1041,2021-06-14 12:52:00,32.8,34.6,31.359999999999996,100370.0
1042,2021-06-14 12:57:00,33.0,34.4,31.359999999999996,100371.8
1043,2021-06-14 13:02:00,33.0,33.0,31.419999999999998,100361.6
1044,2021-06-14 13:07:00,33.0,33.0,31.4,100364.6
1045,2021-06-14 13:12:00,33.0,33.8,31.4,100362.6
1046,2021-06-14 13:17:00,33.0,32.4,31.5,100352.6
1047,2021-06-14 13:22:00,33.0,29.4,31.5,100350.6
1048,2021-06-14 13:27:00,33.0,28.2,31.48,100345.8
1049,2021-06-14 13:32:00,33.0,26.6,31.5,100339.8
1050,2021-06-14 13:37:00,33.0,27.4,31.5,100331.6
1051,2021-06-14 13:42:00,33.0,28.4,31.5,100316.2
1052,2021-06-14 13:47:00,33.0,30.2,31.639999999999997,100304.2
1053,2021-06-14 13:53:00,33.0,29.2,31.619999999999997,100297.6
1054,2021-06-14 13:58:00,33.0,28.8,31.580000000000002,100295.4
1055,2021-06-14 14:03:00,33.0,27.0,31.76,100303.0
1056,2021-06-14 14:08:00,33.0,27.2,31.82,100303.8
1057,2021-06-14 14:13:00,33.0,28.0,31.839999999999996,100302.6
1058,2021-06-14 14:18:00,33.0,28.6,31.78,100294.0
1059,2021-06-14 14:23:00,33.0,26.2,31.860000000000003,100290.6
1060,2021-06-14 14:28:00,33.0,28.6,31.9,100297.8
1061,2021-06-14 14:33:00,33.0,25.6,31.880000000000003,100293.8
1062,2021-06-14 14:38:00,33.0,22.8,31.840000000000003,100295.4
1063,2021-06-14 14:43:00,33.0,17.2,31.9,100286.2
1064,2021-06-14 14:48:00,33.0,16.8,31.9,100286.6
1065,2021-06-14 14:53:00,33.0,15.4,31.940000000000005,100284.0
1066,2021-06-14 14:58:00,33.0,21.0,31.839999999999996,100280.6
1067,2021-06-14 15:03:00,33.0,22.0,31.839999999999996,100268.6
1068,2021-06-14 15:08:00,33.0,21.0,31.82,100257.2
1069,2021-06-14 15:14:00,33.0,22.4,31.839999999999996,100253.8
1070,2021-06-14 15:19:00,33.0,24.0,31.76,100249.0
1071,2021-06-14 15:24:00,33.0,26.8,31.76,100237.8
1072,2021-06-14 15:29:00,33.0,27.4,31.82,100240.8
1073,2021-06-14 15:34:00,33.0,29.2,31.9,100246.4
1074,2021-06-14 15:39:00,33.0,28.8,31.919999999999998,100261.8
1075,2021-06-14 15:44:00,33.0,30.2,31.919999999999998,100272.4
1076,2021-06-14 15:49:00,33.0,31.0,32.0,100277.8
1077,2021-06-14 15:54:00,33.0,31.2,31.96,100284.4
1078,2021-06-14 15:59:00,33.0,32.6,31.919999999999998,100279.2
1079,2021-06-14 16:04:00,33.0,31.2,31.9,100279.2
1080,2021-06-14 16:09:00,33.0,27.0,31.9,100279.0
1081,2021-06-14 16:14:00,33.0,29.6,31.919999999999998,100271.8
1082,2021-06-14 16:19:00,33.0,30.0,31.8,100273.6
1083,2021-06-14 16:24:00,33.0,29.6,31.839999999999996,100289.0
1084,2021-06-14 16:29:00,32.4,25.8,31.839999999999996,100291.0
1085,2021-06-14 16:34:00,32.2,22.8,31.640000000000004,100284.6
1086,2021-06-14 16:39:00,32.4,23.6,31.7,100286.6
1087,2021-06-14 16:45:00,32.2,24.8,31.660000000000004,100283.6
1088,2021-06-14 16:50:00,32.0,27.4,31.7,100282.8
1089,2021-06-14 16:55:00,32.0,26.2,31.68,100279.0
1090,2021-06-14 17:00:00,32.0,28.4,31.660000000000004,100284.0
1091,2021-06-14 17:05:00,32.2,27.6,31.6,100300.2
1092,2021-06-14 17:10:00,32.0,30.0,31.420000000000005,100307.4
1093,2021-06-14 17:15:00,32.0,28.8,31.380000000000003,100314.4
1094,2021-06-14 17:20:00,32.0,28.6,31.440000000000005,100324.4
1095,2021-06-14 17:25:00,32.0,30.8,31.32,100334.8
1096,2021-06-14 17:30:00,32.0,29.2,31.22,100337.6
1097,2021-06-14 17:35:00,32.0,29.8,30.98,100338.8
1098,2021-06-14 17:40:00,31.6,30.2,30.8,100332.0
1099,2021-06-14 17:45:00,31.6,28.8,30.8,100336.6
1100,2021-06-14 17:50:00,31.4,28.8,30.659999999999997,100338.2
1101,2021-06-14 17:55:00,31.0,29.0,30.6,100343.2
1102,2021-06-14 18:00:00,31.0,32.8,30.82,100341.2
1103,2021-06-14 18:05:00,31.0,36.2,30.660000000000004,100343.2
1104,2021-06-14 18:10:00,31.0,37.2,30.72,100349.4
1105,2021-06-14 18:16:00,31.0,38.6,30.639999999999997,100343.6
1106,2021-06-14 18:21:00,31.0,38.8,30.6,100342.0
1107,2021-06-14 18:26:00,31.0,39.0,30.580000000000002,100342.4
1108,2021-06-14 18:31:00,31.0,39.0,30.6,100344.8
1109,2021-06-14 18:36:00,31.0,39.6,30.6,100343.6
1110,2021-06-14 18:41:00,31.2,40.4,30.52,100351.2
1111,2021-06-14 18:46:00,31.0,41.0,30.559999999999995,100359.6
1112,2021-06-14 18:51:00,31.0,41.8,30.52,100368.0
1113,2021-06-14 18:56:00,31.0,42.0,30.5,100381.4
1114,2021-06-14 19:01:00,31.0,42.0,30.48,100382.8
1115,2021-06-14 19:06:00,31.0,41.6,30.380000000000003,100387.0
1116,2021-06-14 19:11:00,31.0,40.8,30.320000000000004,100387.0
1117,2021-06-14 19:16:00,31.0,41.2,30.4,100384.2
1118,2021-06-14 19:21:00,31.0,41.6,30.359999999999996,100395.2
1119,2021-06-14 19:26:00,31.0,42.4,30.340000000000003,100401.2
1120,2021-06-14 19:31:00,30.8,42.6,30.380000000000003,100406.6
1121,2021-06-14 19:37:00,30.8,42.6,30.159999999999997,100421.0
1122,2021-06-14 19:42:00,31.0,41.4,30.1,100439.0
1123,2021-06-14 19:47:00,31.0,42.0,30.060000000000002,100451.8
1124,2021-06-14 19:52:00,31.0,63.8,30.080000000000002,100462.6
1125,2021-06-14 19:57:00,31.0,58.4,30.02,100469.6
1126,2021-06-14 20:02:00,31.0,74.0,30.0,100476.0
1127,2021-06-14 20:07:00,31.0,63.8,29.98,100488.6
1128,2021-06-14 20:12:00,31.0,63.8,29.9,100490.8
1129,2021-06-14 20:17:00,31.0,52.8,29.940000000000005,100495.0
1130,2021-06-14 20:22:00,31.0,44.2,29.96,100508.8
1131,2021-06-14 20:27:00,30.8,45.0,29.939999999999998,100510.8
1132,2021-06-14 20:32:00,31.0,46.2,30.059999999999995,100519.2
1133,2021-06-14 20:37:00,30.8,49.6,30.259999999999998,100526.2
1134,2021-06-14 20:42:00,31.0,50.4,30.380000000000003,100525.6
1135,2021-06-14 20:47:00,31.0,51.8,30.4,100523.4
1136,2021-06-14 20:52:00,31.0,60.6,30.4,100523.6
1137,2021-06-14 20:58:00,31.0,65.4,30.46,100522.2
1138,2021-06-14 21:03:00,31.0,60.6,30.46,100519.6
1139,2021-06-14 21:08:00,31.0,60.4,30.5,100527.6
1140,2021-06-14 21:13:00,31.0,65.0,30.48,100528.2
1141,2021-06-14 21:18:00,31.2,65.0,30.5,100521.0
1142,2021-06-14 21:23:00,31.8,58.4,30.5,100529.0
1143,2021-06-14 21:28:00,31.6,61.0,30.5,100526.4
1144,2021-06-14 21:33:00,32.0,58.2,30.5,100519.8
1145,2021-06-14 21:38:00,31.4,64.8,30.5,100521.6
1146,2021-06-14 21:43:00,31.8,51.6,30.52,100517.2
1147,2021-06-14 21:48:00,32.0,48.2,30.5,100520.6
1148,2021-06-14 21:53:00,31.8,52.0,30.48,100513.4
1149,2021-06-14 21:58:00,31.8,54.2,30.440000000000005,100513.2
1150,2021-06-14 22:03:00,31.8,47.8,30.4,100511.2
1151,2021-06-14 22:08:00,31.2,62.0,30.4,100511.4
1152,2021-06-14 22:13:00,31.2,63.2,30.380000000000003,100517.8
1153,2021-06-14 22:18:00,31.0,66.2,30.3,100515.4
1154,2021-06-14 22:24:00,31.0,66.4,30.3,100520.6
1155,2021-06-14 22:29:00,31.0,67.2,30.3,100518.4
1156,2021-06-14 22:34:00,31.0,66.2,30.3,100516.0
1157,2021-06-14 22:39:00,31.0,67.0,30.28,100514.4
1158,2021-06-14 22:44:00,31.0,67.0,30.3,100513.4
1159,2021-06-14 22:49:00,31.0,66.8,30.28,100513.4
1160,2021-06-14 22:54:00,31.0,65.8,30.3,100508.8
1161,2021-06-14 22:59:00,31.0,65.4,30.3,100506.2
1162,2021-06-14 23:04:00,31.2,65.2,30.22,100504.0
1163,2021-06-14 23:09:00,31.0,64.0,30.2,100497.6
1164,2021-06-14 23:14:00,31.0,62.2,30.22,100499.8
1165,2021-06-14 23:19:00,31.0,62.4,30.2,100491.8
1166,2021-06-14 23:24:00,31.0,63.8,30.2,100493.4
1167,2021-06-14 23:29:00,31.0,63.8,30.2,100483.4
1168,2021-06-14 23:34:00,31.0,65.8,30.18,100481.8
1169,2021-06-14 23:40:00,31.2,65.0,30.160000000000004,100477.0
1170,2021-06-14 23:45:00,31.0,65.6,30.119999999999997,100472.0
1171,2021-06-14 23:50:00,31.0,67.4,30.1,100475.8
1172,2021-06-14 23:55:00,31.0,67.4,30.1,100473.0
1173,2021-06-15 00:00:00,31.0,66.2,30.1,100466.8
1174,2021-06-15 00:05:00,31.0,60.8,30.1,100457.8
1175,2021-06-15 00:10:00,31.2,58.4,30.080000000000002,100451.4
1176,2021-06-15 00:15:00,31.0,57.2,30.02,100440.2
1177,2021-06-15 00:20:00,31.0,51.2,30.0,100438.0
1178,2021-06-15 00:25:00,31.0,63.4,30.0,100429.6
1179,2021-06-15 00:30:00,31.0,46.4,30.0,100428.4
1180,2021-06-15 00:35:00,31.0,46.6,29.940000000000005,100421.8
1181,2021-06-15 00:40:00,31.0,46.4,29.919999999999998,100414.8
1182,2021-06-15 00:45:00,31.0,52.4,29.9,100412.4
1183,2021-06-15 00:50:00,31.0,65.2,29.9,100402.0
1184,2021-06-15 00:56:00,31.0,66.8,29.9,100398.8
1185,2021-06-15 01:01:00,31.0,66.8,29.9,100392.4
1186,2021-06-15 01:06:00,31.0,65.0,29.880000000000003,100388.4
1187,2021-06-15 01:11:00,31.0,63.0,29.880000000000003,100382.8
1188,2021-06-15 01:16:00,31.0,65.6,29.839999999999996,100377.4
1189,2021-06-15 01:21:00,31.0,64.4,29.8,100372.2
1190,2021-06-15 01:26:00,31.0,60.2,29.8,100375.4
1191,2021-06-15 01:31:00,31.0,56.0,29.8,100372.4
1192,2021-06-15 01:36:00,31.0,69.2,29.8,100362.6
1193,2021-06-15 01:41:00,31.0,73.2,29.8,100367.6
1194,2021-06-15 01:46:00,31.0,68.8,29.8,100364.0
1195,2021-06-15 01:51:00,30.8,68.6,29.78,100362.0
1196,2021-06-15 01:56:00,30.6,70.8,29.78,100359.4
1197,2021-06-15 02:01:00,31.0,69.8,29.7,100362.8
1198,2021-06-15 02:06:00,30.8,71.2,29.7,100359.6
1199,2021-06-15 02:12:00,30.6,69.8,29.7,100359.2
1200,2021-06-15 02:17:00,30.8,62.2,29.7,100352.0
1201,2021-06-15 02:22:00,30.6,69.4,29.7,100352.4
1202,2021-06-15 02:27:00,30.8,67.6,29.639999999999997,100351.4
1203,2021-06-15 02:32:00,30.4,69.4,29.619999999999997,100351.4
1204,2021-06-15 02:37:00,30.4,70.2,29.6,100348.6
1205,2021-06-15 02:42:00,30.8,64.0,29.6,100344.0
1206,2021-06-15 02:47:00,30.2,69.4,29.6,100349.0
1207,2021-06-15 02:52:00,30.0,73.6,29.6,100343.4
1208,2021-06-15 02:57:00,30.2,71.2,29.560000000000002,100341.6
1209,2021-06-15 03:02:00,30.0,69.8,29.5,100343.8
1210,2021-06-15 03:07:00,30.2,72.6,29.5,100351.2
1211,2021-06-15 03:12:00,30.0,69.2,29.5,100345.8
1212,2021-06-15 03:17:00,30.0,69.6,29.5,100350.4
1213,2021-06-15 03:22:00,30.0,71.2,29.48,100353.8
1214,2021-06-15 03:28:00,30.0,65.0,29.4,100355.0
1215,2021-06-15 03:33:00,30.0,52.8,29.4,100349.2
1216,2021-06-15 03:38:00,30.0,53.0,29.4,100348.0
1217,2021-06-15 03:43:00,30.2,52.8,29.4,100348.0
1218,2021-06-15 03:48:00,30.0,53.0,29.4,100336.4
1219,2021-06-15 03:53:00,30.2,67.2,29.4,100336.8
1220,2021-06-15 03:58:00,30.0,79.6,29.380000000000003,100334.0
1221,2021-06-15 04:03:00,30.2,80.4,29.32,100329.2
1222,2021-06-15 04:08:00,30.0,79.4,29.3,100341.6
1223,2021-06-15 04:13:00,30.0,75.2,29.3,100337.0
1224,2021-06-15 04:18:00,30.0,72.6,29.32,100336.2
1225,2021-06-15 04:23:00,30.0,79.8,29.3,100334.8
1226,2021-06-15 04:28:00,30.0,84.2,29.3,100332.4
1227,2021-06-15 04:33:00,30.0,79.4,29.3,100324.0
1228,2021-06-15 04:38:00,30.0,84.6,29.3,100307.8
1229,2021-06-15 04:43:00,30.0,81.6,29.3,100304.4
1230,2021-06-15 04:48:00,30.0,81.2,29.3,100315.8
1231,2021-06-15 04:53:00,30.0,69.4,29.28,100309.4
1232,2021-06-15 04:59:00,30.0,53.8,29.22,100306.6
1233,2021-06-15 05:04:00,30.6,53.4,29.2,100313.6
1234,2021-06-15 05:09:00,30.0,70.0,29.2,100314.2
1235,2021-06-15 05:14:00,30.0,81.8,29.2,100307.2
1236,2021-06-15 05:19:00,30.0,81.4,29.2,100315.0
1237,2021-06-15 05:24:00,30.0,73.2,29.120000000000005,100322.0
1238,2021-06-15 05:29:00,30.0,81.0,29.1,100328.4
1239,2021-06-15 05:34:00,30.0,82.6,29.1,100324.2
1240,2021-06-15 05:39:00,30.0,83.6,29.1,100330.4
1241,2021-06-15 05:44:00,30.0,81.2,29.1,100332.2
1242,2021-06-15 05:49:00,30.0,80.4,29.1,100336.8
1243,2021-06-15 05:54:00,30.0,75.8,28.54,100344.8
1244,2021-06-15 05:59:00,29.0,79.4,28.28,100346.8
1245,2021-06-15 06:04:00,29.0,66.6,28.26,100339.6
1246,2021-06-15 06:09:00,29.0,62.6,28.119999999999997,100345.0
1247,2021-06-15 06:14:00,29.0,63.0,28.060000000000002,100348.6
1248,2021-06-15 06:19:00,29.0,62.6,28.18,100354.4
1249,2021-06-15 06:25:00,29.0,62.0,28.159999999999997,100360.6
1250,2021-06-15 06:30:00,29.0,61.8,28.3,100366.4
1251,2021-06-15 06:35:00,29.0,61.2,28.439999999999998,100369.0
1252,2021-06-15 06:40:00,29.0,61.0,28.5,100375.2
1253,2021-06-15 06:45:00,29.0,61.0,28.48,100379.8
1254,2021-06-15 06:50:00,29.2,60.8,28.46,100383.4
1255,2021-06-15 06:55:00,29.0,60.4,28.48,100383.0
1256,2021-06-15 07:00:00,29.0,59.8,28.54,100384.0
1257,2021-06-15 07:05:00,29.0,59.2,28.54,100392.6
1258,2021-06-15 07:10:00,29.2,59.0,28.640000000000004,100388.6
1259,2021-06-15 07:15:00,29.2,58.4,28.619999999999997,100391.6
1260,2021-06-15 07:20:00,29.2,58.4,28.72,100395.0
1261,2021-06-15 07:25:00,29.4,58.0,28.72,100396.0
1262,2021-06-15 07:30:00,30.0,58.0,28.8,100389.8
1263,2021-06-15 07:35:00,29.8,58.0,28.8,100379.4
1264,2021-06-15 07:40:00,30.0,58.0,28.859999999999996,100382.6
1265,2021-06-15 07:45:00,30.0,57.6,29.02,100385.8
1266,2021-06-15 07:51:00,30.0,57.8,29.1,100377.6
1267,2021-06-15 07:56:00,30.0,56.6,29.159999999999997,100378.8
1268,2021-06-15 08:01:00,30.0,54.8,29.119999999999997,100382.2
1269,2021-06-15 08:06:00,30.0,56.4,29.080000000000002,100381.8
1270,2021-06-15 08:11:00,30.0,75.0,29.2,100383.4
1271,2021-06-15 08:16:00,30.2,75.2,29.2,100379.8
1272,2021-06-15 08:21:00,30.0,54.6,29.2,100380.0
1273,2021-06-15 08:26:00,30.0,60.2,29.140000000000004,100381.4
1274,2021-06-15 08:31:00,30.0,72.8,29.22,100385.8
1275,2021-06-15 08:36:00,30.0,71.2,29.54,100388.0
1276,2021-06-15 08:41:00,30.0,76.4,29.580000000000002,100389.8
1277,2021-06-15 08:46:00,30.0,67.8,29.72,100390.0
1278,2021-06-15 08:51:00,30.0,74.6,29.8,100391.4
1279,2021-06-15 08:56:00,30.0,78.2,29.860000000000003,100392.8
1280,2021-06-15 09:01:00,30.0,78.4,30.0,100387.8
1281,2021-06-15 09:06:00,30.2,78.8,30.0,100384.4
1282,2021-06-15 09:11:00,30.0,77.2,30.0,100389.0
1283,2021-06-15 09:16:00,30.0,77.8,30.140000000000004,100390.4
1284,2021-06-15 09:22:00,30.8,78.4,30.360000000000003,100396.0
1285,2021-06-15 09:27:00,31.0,77.6,30.48,100398.2
1286,2021-06-15 09:32:00,31.0,76.2,30.440000000000005,100404.0
1287,2021-06-15 09:37:00,31.2,72.0,30.359999999999996,100404.0
1288,2021-06-15 09:42:00,31.0,72.0,30.360000000000003,100401.6
1289,2021-06-15 09:47:00,31.0,69.4,30.48,100402.0
1290,2021-06-15 09:52:00,31.2,76.2,30.759999999999998,100400.0
1291,2021-06-15 09:57:00,31.2,75.2,30.839999999999996,100396.8
1292,2021-06-15 10:02:00,31.0,68.8,30.659999999999997,100400.8
1293,2021-06-15 10:07:00,31.0,73.4,30.6,100408.8
1294,2021-06-15 10:12:00,31.0,70.8,30.54,100414.4
1295,2021-06-15 10:17:00,31.0,71.0,30.68,100411.8
1296,2021-06-15 10:22:00,31.0,70.2,30.639999999999997,100413.0
1297,2021-06-15 10:27:00,31.0,70.4,30.52,100414.4
1298,2021-06-15 10:32:00,31.0,62.4,30.7,100404.4
1299,2021-06-15 10:37:00,31.0,56.0,30.7,100399.2
1300,2021-06-15 10:42:00,31.0,60.8,30.6,100396.8
1301,2021-06-15 10:48:00,31.4,69.2,30.74,100392.8
1302,2021-06-15 10:53:00,31.8,66.8,30.98,100390.4
1303,2021-06-15 10:58:00,32.0,50.8,31.1,100388.0
1304,2021-06-15 11:03:00,31.8,74.0,31.0,100387.2
1305,2021-06-15 11:08:00,31.8,76.8,31.04,100392.2
1306,2021-06-15 11:13:00,32.0,73.6,31.1,100388.6
1307,2021-06-15 11:18:00,32.0,70.4,31.140000000000004,100390.8
1308,2021-06-15 11:23:00,32.0,63.4,31.3,100389.2
1309,2021-06-15 11:28:00,32.0,74.0,31.46,100380.8
1310,2021-06-15 11:33:00,32.0,74.0,31.359999999999996,100379.4
1311,2021-06-15 11:38:00,32.0,65.2,31.4,100378.4
1312,2021-06-15 11:43:00,32.0,57.6,31.359999999999996,100371.2
1313,2021-06-15 11:48:00,32.0,81.4,31.419999999999998,100370.6
1314,2021-06-15 11:53:00,32.0,80.8,31.619999999999997,100370.2
1315,2021-06-15 11:58:00,32.0,80.6,31.6,100367.4
1316,2021-06-15 12:03:00,32.2,79.4,31.559999999999995,100357.0
1317,2021-06-15 12:08:00,32.4,77.6,31.560000000000002,100353.2
1318,2021-06-15 12:13:00,32.0,79.4,31.639999999999997,100347.6
1319,2021-06-15 12:19:00,32.0,79.4,31.560000000000002,100343.2
1320,2021-06-15 12:24:00,32.0,80.0,31.439999999999998,100338.2
1321,2021-06-15 12:29:00,32.4,67.8,31.48,100337.8
1322,2021-06-15 12:34:00,32.2,64.6,31.380000000000003,100336.4
1323,2021-06-15 12:39:00,32.6,44.8,31.419999999999998,100333.0
1324,2021-06-15 12:44:00,32.4,56.6,31.419999999999998,100323.2
1325,2021-06-15 12:49:00,32.4,68.6,31.48,100319.0
1326,2021-06-15 12:54:00,32.2,66.6,31.48,100313.4
1327,2021-06-15 12:59:00,32.4,83.4,31.6,100308.0
1328,2021-06-15 13:04:00,32.0,81.8,31.659999999999997,100307.2
1329,2021-06-15 13:09:00,32.0,82.8,31.6,100307.6
1330,2021-06-15 13:14:00,32.0,81.6,31.640000000000004,100303.6
1331,2021-06-15 13:19:00,32.2,83.2,31.7,100304.2
1332,2021-06-15 13:24:00,32.0,83.2,31.880000000000003,100290.4
1333,2021-06-15 13:29:00,32.4,84.0,32.08,100291.0
1334,2021-06-15 13:34:00,32.6,78.8,32.1,100289.2
1335,2021-06-15 13:39:00,32.6,81.4,31.96,100287.2
1336,2021-06-15 13:44:00,32.0,79.8,31.82,100282.0
1337,2021-06-15 13:50:00,32.2,80.0,31.939999999999998,100276.4
1338,2021-06-15 13:55:00,32.8,78.8,32.019999999999996,100266.6
1339,2021-06-15 14:00:00,32.8,73.4,31.98,100257.4
1340,2021-06-15 14:05:00,32.6,67.8,32.08,100252.8
1341,2021-06-15 14:10:00,33.0,82.0,32.1,100246.6
1342,2021-06-15 14:15:00,32.6,78.6,32.12,100238.4
1343,2021-06-15 14:20:00,32.6,73.6,32.160000000000004,100238.2
1344,2021-06-15 14:25:00,33.0,61.6,32.220000000000006,100233.0
1345,2021-06-15 14:30:00,33.0,61.6,31.939999999999998,100232.6
1346,2021-06-15 14:35:00,33.0,65.2,31.840000000000003,100238.8
1347,2021-06-15 14:40:00,33.0,78.4,31.939999999999998,100244.2
1348,2021-06-15 14:45:00,33.0,75.0,32.0,100238.8
1349,2021-06-15 14:50:00,33.4,79.2,31.98,100243.0
1350,2021-06-15 14:55:00,33.0,68.2,32.019999999999996,100246.6
1351,2021-06-15 15:00:00,33.0,66.0,32.0,100242.4
1352,2021-06-15 15:06:00,33.2,78.8,32.0,100233.6
1353,2021-06-15 15:11:00,33.0,56.6,32.04,100233.2
1354,2021-06-15 15:16:00,33.0,37.0,32.019999999999996,100237.4
1355,2021-06-15 15:21:00,33.0,53.6,31.98,100244.0
1356,2021-06-15 15:26:00,33.0,46.4,32.0,100240.8
1357,2021-06-15 15:31:00,33.0,48.6,32.0,100242.6
1358,2021-06-15 15:36:00,33.2,64.4,32.04,100240.2
1359,2021-06-15 15:41:00,33.0,58.2,32.019999999999996,100249.4
1360,2021-06-15 15:46:00,33.0,41.0,32.019999999999996,100251.0
1361,2021-06-15 15:51:00,33.0,44.8,32.0,100251.4
1362,2021-06-15 15:56:00,33.0,56.8,32.0,100253.6
1363,2021-06-15 16:01:00,33.0,59.4,32.0,100247.6
1364,2021-06-15 16:06:00,33.0,67.8,32.0,100249.4
1365,2021-06-15 16:11:00,33.0,74.0,32.0,100248.8
1366,2021-06-15 16:16:00,33.0,68.0,32.0,100257.8
1367,2021-06-15 16:21:00,33.0,58.8,32.0,100260.4
1368,2021-06-15 16:26:00,33.0,69.4,31.939999999999998,100258.6
1369,2021-06-15 16:31:00,32.8,66.2,32.059999999999995,100243.8
1370,2021-06-15 16:37:00,33.0,67.6,32.08,100241.8
1371,2021-06-15 16:42:00,32.6,69.4,32.059999999999995,100240.0
